Device Type	Instrument Type	Wattage	Purpose	Position	Unit Number	Color	Dimmer	Channel	Address	Universe	U Address	Circuit Number	Circuit Name	System	User Field 1	User Field 2	User Field 3	User Field 4	User Field 5	User Field 6	Num Channels	Frame Size	Field Angle	Field Angle 2	Beam Angle	Beam Angle 2	Weight	Gobo 1	Gobo 1 Rotation	Gobo 2	Gobo 2 Rotation	Gobo Shift	Mark	Draw Beam	Draw Beam as 3D Solid	Use Vertical Beam	Show Beam at	Falloff Distance	Lamp Rotation Angle	Top Shutter Depth	Top Shutter Angle	Left Shutter Depth	Left Shutter Angle	Right Shutter Depth	Right Shutter Angle	Bottom Shutter Depth	Bottom Shutter Angle	Symbol Name	Use Legend	Flip Front && Back Legend Text	Flip Left && Right Legend Text	Focus	Set 3D Orientation	X Rotation	Y Rotation	X Location	Y Location	Z Location	FixtureID	__UID	Accessories
Light	290	Source 4 26º	575	-	A5	2	-	331	0	0	-	-	0	-	A	-	-	-	-	-	-	1	6.25	25°	17°	17°	12°	14lb	-	0°	-	0°	0	-	False	False	False	Focus Point	5'0	0°	0	0°	0	0°	0	0°	0	0°	Etc Source 4  26°	FOH	False	False	-	False	0	0	22'4.424	51'8.068	0	-	1517.1.1.0.0	4	2016-02-02 19:45:13 UTC	2016-02-02 19:45:13 UTC	""
Light	291	Source 4 26º	575	HIGH SIDES SR	A1	4	-	151	0	0	-	-	0	-	A	-	-	-	-	-	-	1	6.25	25°	17°	17°	12°	14lb	-	0°	-	0°	0	-	False	False	False	Focus Point	5'0	0°	0	0°	0	0°	0	0°	0	0°	Etc Source 4  26°	FOH	False	False	-	False	0	0	-24'10.239	47'5.447	0	-	1536.1.1.0.0	4	2016-02-02 19:45:13 UTC	2016-02-02 19:45:13 UTC	""
Light	292	PAR 64 MFL	1	PAR HIGH SIDES SR	A1	2	-	150	0	0	-	-	0	-	A	-	-	-	-	-	-	1	10.0	45°	17°	22°	12°	8lbs	-	0°	-	0°	0	-	False	False	False	Focus Point	5'0	0°	0	0°	0	0°	0	0°	0	0°	Par64 MFL*#	FOH	False	False	-	False	0	0	-24'11.803	45'.902	0	-	1557.1.1.0.0	4	2016-02-02 19:45:13 UTC	2016-02-02 19:45:13 UTC	""
Light	293	Source 4 26º	575	-	A1	6	-	156	0	0	-	-	0	-	A	-	-	-	-	-	-	1	6.25	25°	17°	17°	12°	14lb	-	0°	-	0°	0	-	False	False	False	Focus Point	5'0	0°	0	0°	0	0°	0	0°	0	0°	Etc Source 4  26°	FOH	False	False	-	False	0	0	-24'2.92	51'8.566	0	-	1572.1.1.0.0	4	2016-02-02 19:45:13 UTC	2016-02-02 19:45:13 UTC	""
Light	294	Source 4 19º	575	-	A1	3	-	152	0	0	-	-	0	-	A	-	IRIS	-	-	-	-	1	6.25	17°	17°	12°	12°	14lb	-	0°	-	0°	0	-	False	False	False	Focus Point	5'0	0°	0	0°	0	0°	0	0°	0	0°	Etc Source 4 19°	FOH	False	False	-	False	0	0	-22'5.013	46'2.513	0	-	1859.1.1.0.0	4	2016-02-02 19:45:13 UTC	2016-02-02 19:45:13 UTC	""
Static Accessory	37	Iris	0	-	A1	3	-	0	0	0	-	-	0	-	-	-	-	-	-	-	-	0	0.0	0°	17°	0°	12°	-	-	0°	-	0°	0	-	False	False	False	Focus Point	5'0	0°	0	0°	0	0°	0	0°	0	0°	Iris	-	False	False	-	False	0	0	-21'6.867	46'2.513	216'0	-	1891.1.1.0.0	294	2016-02-02 19:45:15 UTC	2016-02-02 19:45:15 UTC	""
Light	295	Source 4 19º	575	-	A2	5	-	223	0	0	-	-	0	-	A	-	-	-	-	-	-	1	6.25	17°	17°	12°	12°	14lb	-	0°	-	0°	0	-	False	False	False	Focus Point	5'0	0°	0	0°	0	0°	0	0°	0	0°	Etc Source 4 19°	FOH	False	False	-	False	0	0	-10'7.927	48'7.775	0	-	1862.1.1.0.0	4	2016-02-02 19:45:13 UTC	2016-02-02 19:45:13 UTC	""
Static Accessory	38	Iris	0	-	A2	5	-	0	0	0	-	-	0	-	-	-	-	-	-	-	-	1	0.0	0°	17°	0°	12°	-	-	0°	-	0°	0	-	False	False	False	Focus Point	5'0	0°	0	0°	0	0°	0	0°	0	0°	Iris	-	False	False	-	False	0	0	-10'7.927	47'9.964	216'0	-	1892.1.1.0.0	295	2016-02-02 19:45:15 UTC	2016-02-02 19:45:15 UTC	""
Light	296	PAR 64 MFL	1	PAR HIGH SIDES SR	A2	2	-	184	0	0	-	-	0	-	A	-	-	-	-	-	-	1	10.0	45°	17°	22°	12°	8lbs	-	0°	-	0°	0	-	False	False	False	Focus Point	5'0	0°	0	0°	0	0°	0	0°	0	0°	Par64 MFL*#	FOH	False	False	-	False	0	0	-14'9.013	45'.986	0	-	1558.1.1.0.0	4	2016-02-02 19:45:13 UTC	2016-02-02 19:45:13 UTC	""
Light	297	PAR 64 MFL	1	PAR HIGH SIDES SR	A3	2	-	221	0	0	-	-	0	-	A	-	-	-	-	-	-	1	10.0	45°	17°	22°	12°	8lbs	-	0°	-	0°	0	-	False	False	False	Focus Point	5'0	0°	0	0°	0	0°	0	0°	0	0°	Par64 MFL*#	FOH	False	False	-	False	0	0	-4'8.695	45'.986	0	-	1559.1.1.0.0	4	2016-02-02 19:45:13 UTC	2016-02-02 19:45:13 UTC	""
Light	298	PAR 64 MFL	1	PAR HIGH SIDES SL	A3	8	-	257	0	0	-	-	0	-	A	-	-	-	-	-	-	1	10.0	45°	17°	22°	12°	8lbs	-	0°	-	0°	0	-	False	False	False	Focus Point	5'0	0°	0	0°	0	0°	0	0°	0	0°	Par64 MFL*#	FOH	False	False	-	False	0	0	3'6.994	45'.902	0	-	1560.1.1.0.0	4	2016-02-02 19:45:13 UTC	2016-02-02 19:45:13 UTC	""
Light	299	Source 4 19º	575	-	A4	2	-	263	0	0	-	-	0	-	A	-	IRIS	-	-	-	-	1	6.25	17°	17°	12°	12°	14lb	-	0°	-	0°	0	-	False	False	False	Focus Point	5'0	0°	0	0°	0	0°	0	0°	0	0°	Etc Source 4 19°	FOH	False	False	...	False	0	0	9'4.261	49'.656	0	-	1857.1.1.0.0	4	2016-02-02 19:45:13 UTC	2016-02-02 19:45:13 UTC	""
Static Accessory	40	Iris	0	-	A4	2	-	0	0	0	-	-	0	-	A	-	-	-	-	-	-	1	0.0	0°	17°	0°	12°	-	-	0°	-	0°	0	-	False	False	False	Focus Point	5'0	0°	0	0°	0	0°	0	0°	0	0°	Iris	-	False	False	-	False	0	0	9'3.95	48'1.889	216'0	-	1855.1.1.0.0	299	2016-02-02 19:45:15 UTC	2016-02-02 19:45:15 UTC	""
Light	300	PAR 64 MFL	1	PAR HIGH SIDES SL	A4	5	-	292	0	0	-	-	0	-	A	-	-	-	-	-	-	1	10.0	45°	17°	22°	12°	8lbs	-	0°	-	0°	0	-	False	False	False	Focus Point	5'0	0°	0	0°	0	0°	0	0°	0	0°	Par64 MFL*#	FOH	False	False	-	False	0	0	13'4.378	45'.902	0	-	1561.1.1.0.0	4	2016-02-02 19:45:13 UTC	2016-02-02 19:45:13 UTC	""
Light	301	Source 4 26º	575	HIGH SIDES SL	A5	4	-	336	0	0	-	-	0	-	-	-	-	-	-	-	-	1	6.25	25°	17°	17°	12°	14lb	-	0°	-	0°	0	-	False	False	False	Focus Point	5'0	0°	0	0°	0	0°	0	0°	0	0°	Etc Source 4  26°	FOH	False	False	-	False	0	0	23'8.761	47'5.447	0	-	1546.1.1.0.0	4	2016-02-02 19:45:13 UTC	2016-02-02 19:45:13 UTC	""
Light	302	Source 4 26º	575	HIGH SIDES SL	A5	7	-	326	0	0	-	-	0	-	-	-	-	-	-	-	-	1	6.25	25°	17°	17°	12°	14lb	-	0°	-	0°	0	-	False	False	False	Focus Point	5'0	0°	0	0°	0	0°	0	0°	0	0°	Etc Source 4  26°	FOH	False	False	-	False	0	0	23'8.761	42'9.939	0	-	1547.1.1.0.0	4	2016-02-02 19:45:13 UTC	2016-02-02 19:45:13 UTC	""
Light	303	PAR 64 MFL	1	PAR HIGH SIDES SL	A5	6	-	327	0	0	-	-	0	-	-	-	-	-	-	-	-	1	10.0	45°	17°	22°	12°	8lbs	-	0°	-	0°	0	-	False	False	False	Focus Point	5'0	0°	0	0°	0	0°	0	0°	0	0°	Par64 MFL*#	FOH	False	False	-	False	0	0	23'6.384	45'.902	0	-	1562.1.1.0.0	4	2016-02-02 19:45:13 UTC	2016-02-02 19:45:13 UTC	""
Light	304	Source 4 19º	575	-	A5	5	-	325	0	0	-	-	0	-	-	-	IRIS	-	-	-	-	1	6.25	17°	17°	12°	12°	14lb	-	0°	-	0°	0	-	False	False	False	Focus Point	5'0	0°	0	0°	0	0°	0	0°	0	0°	Etc Source 4 19°	FOH	False	False	-	False	0	0	21'9.521	46'2.116	0	-	1863.1.1.0.0	4	2016-02-02 19:45:13 UTC	2016-02-02 19:45:13 UTC	""
Static Accessory	41	Iris	0	-	A5	5	-	0	0	0	-	-	0	-	-	-	-	-	-	-	-	0	0.0	0°	17°	0°	12°	-	-	0°	-	0°	0	-	False	False	False	Focus Point	5'0	0°	0	0°	0	0°	0	0°	0	0°	Iris	-	False	False	-	False	0	0	20'10.777	46'2.116	216'0	-	1895.1.1.0.0	304	2016-02-02 19:45:15 UTC	2016-02-02 19:45:15 UTC	""
Light	305	Source 4 19º	575	-	A3	5	-	228	0	0	-	-	0	-	A	-	IRIS	-	-	-	-	1	6.25	17°	17°	12°	12°	14lb	-	0°	-	0°	0	-	False	False	False	Focus Point	5'0	0°	0	0°	0	0°	0	0°	0	0°	Etc Source 4 19°	FOH	False	False	-	False	0	0	-7.927	48'7.775	0	-	1867.1.1.0.0	4	2016-02-02 19:45:13 UTC	2016-02-02 19:45:13 UTC	""
Static Accessory	39	Iris	0	-	A3	5	-	0	0	0	-	-	0	-	-	-	-	-	-	-	-	1	0.0	0°	17°	0°	12°	-	-	0°	-	0°	0	-	False	False	False	Focus Point	5'0	0°	0	0°	0	0°	0	0°	0	0°	Iris	-	False	False	-	False	0	0	-7.927	47'9.964	216'0	-	1893.1.1.0.0	305	2016-02-02 19:45:15 UTC	2016-02-02 19:45:15 UTC	""
Light	306	PAR 64 MFL	1	PAR HIGH SIDES SR	B1	2	-	140	0	0	-	-	0	-	A	-	-	-	-	-	-	1	10.0	45°	17°	22°	12°	8lbs	-	0°	-	0°	0	-	False	False	False	Focus Point	5'0	0°	0	0°	0	0°	0	0°	0	0°	Par64 MFL*#	FOH	False	False	-	False	0	0	-24'11.548	34'2.854	0	-	1568.1.1.0.0	4	2016-02-02 19:45:13 UTC	2016-02-02 19:45:13 UTC	""
Light	307	Source 4 19º	575	-	B1	3	-	147	0	0	-	-	0	-	A	-	IRIS	-	-	-	-	1	6.25	17°	17°	12°	12°	14lb	-	0°	-	0°	0	-	False	False	False	Focus Point	5'0	0°	0	0°	0	0°	0	0°	0	0°	Etc Source 4 19°	FOH	False	False	-	False	0	0	-23'1.006	36'3.222	0	-	1868.1.1.0.0	4	2016-02-02 19:45:13 UTC	2016-02-02 19:45:13 UTC	""
Static Accessory	35	Iris	0	-	B1	3	-	0	0	0	-	-	0	-	-	-	-	-	-	-	-	1	0.0	0°	17°	0°	12°	-	-	0°	-	0°	0	-	False	False	False	Focus Point	5'0	0°	0	0°	0	0°	0	0°	0	0°	Iris	-	False	False	-	False	0	0	-22'3.194	36'3.222	216'0	-	1870.1.1.0.0	307	2016-02-02 19:45:15 UTC	2016-02-02 19:45:15 UTC	""
Light	308	Source 4 19º	575	-	B2	4	-	185	0	0	-	-	0	-	A	-	IRIS	-	-	-	-	1	6.25	17°	17°	12°	12°	14lb	-	0°	-	0°	0	-	False	False	False	Focus Point	5'0	0°	0	0°	0	0°	0	0°	0	0°	Etc Source 4 19°	FOH	False	False	-	False	0	0	-13'1.554	36'10.514	0	-	1873.1.1.0.0	4	2016-02-02 19:45:13 UTC	2016-02-02 19:45:13 UTC	""
Static Accessory	36	Iris	0	-	B2	4	-	0	0	0	-	-	0	-	-	-	-	-	-	-	-	0	0.0	0°	17°	0°	12°	-	-	0°	-	0°	0	-	False	False	False	Focus Point	5'0	0°	0	0°	0	0°	0	0°	0	0°	Iris	-	False	False	-	False	0	0	-13'1.554	36'.28	216'0	-	1874.1.1.0.0	308	2016-02-02 19:45:15 UTC	2016-02-02 19:45:15 UTC	""
Light	309	S4 PAR WFL	575	DOWN WASH	B3	4	-	217	0	0	-	-	0	-	A	-	-	-	-	-	-	1	7.5	36°	17°	20°	12°	7.5lbs	-	0°	-	0°	0	-	False	False	False	Focus Point	5'0	0°	0	0°	0	0°	0	0°	0	0°	Source 4 PAR WFL	FOH	False	False	-	False	0	0	-2'7.554	37'6.844	0	-	1882.1.1.0.0	4	2016-02-02 19:45:13 UTC	2016-02-02 19:45:13 UTC	""
Light	310	S4 PAR WFL	575	DOWN WASH	B3	5	-	254	0	0	-	-	0	-	A	-	-	-	-	-	-	1	7.5	36°	17°	20°	12°	7.5lbs	-	0°	-	0°	0	-	False	False	False	Focus Point	5'0	0°	0	0°	0	0°	0	0°	0	0°	Source 4 PAR WFL	FOH	False	False	-	False	0	0	1'4.446	37'6.844	0	-	1883.1.1.0.0	4	2016-02-02 19:45:13 UTC	2016-02-02 19:45:13 UTC	""
Static Accessory	44	7.5 2 Leaf Barn Door	0	-	B3	5	-	0	0	0	-	-	0	-	-	-	-	-	-	-	-	1	0.0	0°	17°	0°	12°	-	-	0°	-	0°	0	-	False	False	False	Focus Point	5'0	0°	0	0°	0	0°	0	0°	0	0°	7.5 2 Leaf Barn Door	-	False	False	-	False	0	0	7'1.429	38'1.882	0	-	1919.1.1.0.0	310	2016-02-02 19:45:15 UTC	2016-02-02 19:45:15 UTC	""
Light	311	S4 PAR WFL	575	DOWN WASH	B4	1	-	253	0	0	-	-	0	-	A	-	-	-	-	-	-	1	7.5	36°	17°	20°	12°	7.5lbs	-	0°	-	0°	0	-	False	False	False	Focus Point	5'0	0°	0	0°	0	0°	0	0°	0	0°	Source 4 PAR WFL	FOH	False	False	-	False	0	0	7'1.446	37'9.397	0	-	1884.1.1.0.0	4	2016-02-02 19:45:13 UTC	2016-02-02 19:45:13 UTC	""
Light	312	S4 PAR WFL	575	DOWN WASH	B2	5	-	218	0	0	-	-	0	-	A	-	-	-	-	-	-	1	7.5	36°	17°	20°	12°	7.5lbs	-	0°	-	0°	0	-	False	False	False	Focus Point	5'0	0°	0	0°	0	0°	0	0°	0	0°	Source 4 PAR WFL	FOH	False	False	-	False	0	0	-8'4.554	37'6.844	0	-	1885.1.1.0.0	4	2016-02-02 19:45:13 UTC	2016-02-02 19:45:13 UTC	""
Static Accessory	43	7.5 4 Leaf Barn Door	0	-	B2	5	-	0	0	0	-	-	0	-	-	-	-	-	-	-	-	1	0.0	0°	17°	0°	12°	-	-	0°	-	0°	0	-	False	False	False	Focus Point	5'0	0°	0	0°	0	0°	0	0°	0	0°	7.5 2 Leaf Barn Door	-	False	False	-	False	0	0	-8'4.554	37'11.123	216'0	-	1918.1.1.0.0	312	2016-02-02 19:45:15 UTC	2016-02-02 19:45:15 UTC	""
Light	313	S4 PAR WFL	575	DOWN WASH	B1	7	-	181	0	0	-	-	0	-	A	-	-	-	-	-	-	1	7.5	36°	17°	20°	12°	7.5lbs	-	0°	-	0°	0	-	False	False	False	Focus Point	5'0	0°	0	0°	0	0°	0	0°	0	0°	Source 4 PAR WFL	FOH	False	False	-	False	0	0	-18'7.554	37'6.844	0	-	1886.1.1.0.0	4	2016-02-02 19:45:13 UTC	2016-02-02 19:45:13 UTC	""
Static Accessory	42	7.5 4 Leaf Barn Door	0	-	B1	7	-	0	0	0	-	-	0	-	-	-	-	-	-	-	-	1	0.0	0°	17°	0°	12°	-	-	0°	-	0°	0	-	False	False	False	Focus Point	5'0	0°	0	0°	0	0°	0	0°	0	0°	7.5 2 Leaf Barn Door	-	False	False	-	False	0	0	-18'7.414	37'10.656	216'0	-	1917.1.1.0.0	313	2016-02-02 19:45:15 UTC	2016-02-02 19:45:15 UTC	""
Light	314	S4 PAR WFL	575	DOWN WASH	B5	1	-	293	0	0	-	-	0	-	A	-	-	-	-	-	-	1	7.5	36°	17°	20°	12°	7.5lbs	-	0°	-	0°	0	-	False	False	False	Focus Point	5'0	0°	0	0°	0	0°	0	0°	0	0°	Source 4 PAR WFL	FOH	False	False	-	False	0	0	17'4.446	37'6.844	0	-	1897.1.1.0.0	4	2016-02-02 19:45:13 UTC	2016-02-02 19:45:13 UTC	""
Light	315	PAR 64 MFL	1	PAR HIGH SIDES SL	E5	5	-	301	0	0	-	-	0	-	A	-	-	-	-	-	-	1	10.0	45°	17°	22°	12°	8lbs	-	0°	-	0°	0	-	False	False	False	Focus Point	5'0	0°	0	0°	0	0°	0	0°	0	0°	Par64 MFL*#	FOH	False	False	-	False	0	0	23'9.669	4'1.034	0	-	1583.1.1.0.0	4	2016-02-02 19:45:13 UTC	2016-02-02 19:45:13 UTC	""
Light	316	PAR 64 MFL	1	PAR HIGH SIDES SL	E4	5	-	268	0	0	-	-	0	-	A	-	-	-	-	-	-	1	10.0	45°	17°	22°	12°	8lbs	-	0°	-	0°	0	-	False	False	False	Focus Point	5'0	0°	0	0°	0	0°	0	0°	0	0°	Par64 MFL*#	FOH	False	False	-	False	0	0	13'8.669	4'1.021	0	-	1584.1.1.0.0	4	2016-02-02 19:45:13 UTC	2016-02-02 19:45:13 UTC	""
Light	317	PAR 64 MFL	1	PAR HIGH SIDES SL	E3	7	-	233	0	0	-	-	0	-	A	-	-	-	-	-	-	1	10.0	45°	17°	22°	12°	8lbs	-	0°	-	0°	0	-	False	False	False	Focus Point	5'0	0°	0	0°	0	0°	0	0°	0	0°	Par64 MFL*#	FOH	False	False	-	False	0	0	3'11.861	4'1.034	0	-	1587.1.1.0.0	4	2016-02-02 19:45:13 UTC	2016-02-02 19:45:13 UTC	""
Light	318	PAR 64 MFL	1	PAR HIGH SIDES SR	E2	4	-	161	0	0	-	-	0	-	A	-	-	-	-	-	-	1	10.0	45°	17°	22°	12°	8lbs	-	0°	-	0°	0	-	False	False	False	Focus Point	5'0	0°	0	0°	0	0°	0	0°	0	0°	Par64 MFL*#	FOH	False	False	-	False	0	0	-14'8.331	4'1.034	0	-	1592.1.1.0.0	4	2016-02-02 19:45:13 UTC	2016-02-02 19:45:13 UTC	""
Light	319	S4 PAR WFL	575	DOWN WASH	D3	2	-	203	0	0	-	-	0	-	A	-	-	-	-	-	-	1	7.5	36°	17°	20°	12°	7.5lbs	-	0°	-	0°	0	-	False	False	False	Focus Point	5'0	0°	0	0°	0	0°	0	0°	0	0°	Source 4 PAR WFL	FOH	False	False	-	False	0	0	-3'8.439	14'11.534	0	-	1905.1.1.0.0	4	2016-02-02 19:45:13 UTC	2016-02-02 19:45:13 UTC	""
Static Accessory	46	7.5 4 Leaf Barn Door	0	-	D3	2	-	0	0	0	-	-	0	-	-	-	-	-	-	-	-	1	0.0	0°	17°	0°	12°	-	-	0°	-	0°	0	-	False	False	False	Focus Point	5'0	0°	0	0°	0	0°	0	0°	0	0°	7.5 2 Leaf Barn Door	-	False	False	-	False	0	0	-3'8.439	15'3.869	216'0	-	1929.1.1.0.0	319	2016-02-02 19:45:15 UTC	2016-02-02 19:45:15 UTC	""
Light	320	S4 PAR WFL	575	DOWN WASH	D3	4	-	239	0	0	-	-	0	-	A	-	-	-	-	-	-	1	7.5	36°	17°	20°	12°	7.5lbs	-	0°	-	0°	0	-	False	False	False	Focus Point	5'0	0°	0	0°	0	0°	0	0°	0	0°	Source 4 PAR WFL	FOH	False	False	-	False	0	0	2'.251	14'11.456	0	-	1906.1.1.0.0	4	2016-02-02 19:45:13 UTC	2016-02-02 19:45:13 UTC	""
Static Accessory	47	7.5 4 Leaf Barn Door	0	-	D3	4	-	0	0	0	-	-	0	-	-	-	-	-	-	-	-	1	0.0	0°	17°	0°	12°	-	-	0°	-	0°	0	-	False	False	False	Focus Point	5'0	0°	0	0°	0	0°	0	0°	0	0°	7.5 2 Leaf Barn Door	-	False	False	-	False	0	0	2'.251	15'3.041	216'0	-	1930.1.1.0.0	320	2016-02-02 19:45:15 UTC	2016-02-02 19:45:15 UTC	""
Light	321	S4 PAR WFL	575	DOWN WASH	D2	1	-	167	0	0	-	-	0	-	A	-	-	-	-	-	-	1	7.5	36°	17°	20°	12°	7.5lbs	-	0°	-	0°	0	-	False	False	False	Focus Point	5'0	0°	0	0°	0	0°	0	0°	0	0°	Source 4 PAR WFL	FOH	False	False	-	False	0	0	-13'1.554	15'.807	0	-	1907.1.1.0.0	4	2016-02-02 19:45:13 UTC	2016-02-02 19:45:13 UTC	""
Light	322	S4 PAR WFL	575	DOWN WASH	D4	3	-	275	0	0	-	-	0	-	A	-	-	-	-	-	-	1	7.5	36°	17°	20°	12°	7.5lbs	-	0°	-	0°	0	-	False	False	False	Focus Point	5'0	0°	0	0°	0	0°	0	0°	0	0°	Source 4 PAR WFL	FOH	False	False	-	False	0	0	11'10.446	15'.781	0	-	1908.1.1.0.0	4	2016-02-02 19:45:13 UTC	2016-02-02 19:45:13 UTC	""
Light	323	S4 PAR WFL	575	DOWN WASH	D5	2	-	308	0	0	-	-	0	-	A	-	-	-	-	-	-	1	7.5	36°	17°	20°	12°	7.5lbs	-	0°	-	0°	0	-	False	False	False	Focus Point	5'0	0°	0	0°	0	0°	0	0°	0	0°	Source 4 PAR WFL	FOH	False	False	-	False	0	0	19'.148	14'9.066	0	-	1909.1.1.0.0	4	2016-02-02 19:45:13 UTC	2016-02-02 19:45:13 UTC	""
Static Accessory	48	7.5 4 Leaf Barn Door	0	-	D5	2	-	0	0	0	-	-	0	-	-	-	-	-	-	-	-	1	0.0	0°	17°	0°	12°	-	-	0°	-	0°	0	-	False	False	False	Focus Point	5'0	0°	0	0°	0	0°	0	0°	0	0°	7.5 2 Leaf Barn Door	-	False	False	-	False	0	0	19'.148	15'2.021	216'0	-	1931.1.1.0.0	323	2016-02-02 19:45:15 UTC	2016-02-02 19:45:15 UTC	""
Light	324	S4 PAR WFL	575	DOWN WASH	D1	2	-	131	0	0	-	-	0	-	A	-	-	-	-	-	-	1	7.5	36°	17°	20°	12°	7.5lbs	-	0°	-	0°	0	-	False	False	False	Focus Point	5'0	0°	0	0°	0	0°	0	0°	0	0°	Source 4 PAR WFL	FOH	False	False	-	False	0	0	-20'2.293	14'8.382	0	-	1910.1.1.0.0	4	2016-02-02 19:45:13 UTC	2016-02-02 19:45:13 UTC	""
Static Accessory	45	7.5 4 Leaf Barn Door	0	-	D1	2	-	0	0	0	-	-	0	-	-	-	-	-	-	-	-	1	0.0	0°	17°	0°	12°	-	-	0°	-	0°	0	-	False	False	False	Focus Point	5'0	0°	0	0°	0	0°	0	0°	0	0°	7.5 2 Leaf Barn Door	-	False	False	-	False	0	0	-20'2.293	15'.622	216'0	-	1928.1.1.0.0	324	2016-02-02 19:45:15 UTC	2016-02-02 19:45:15 UTC	""
Light	325	PAR 64 MFL	1	PAR HIGH SIDES SR	C1	3	-	137	0	0	-	-	0	-	A	-	-	-	-	-	-	1	10.0	45°	17°	22°	12°	8lbs	-	0°	-	0°	0	-	False	False	False	Focus Point	5'0	0°	0	0°	0	0°	0	0°	0	0°	Par64 MFL*#	FOH	False	False	-	False	0	0	-24'10.331	23'8.034	0	-	1591.1.1.0.0	4	2016-02-02 19:45:13 UTC	2016-02-02 19:45:13 UTC	""
Light	326	PAR 64 MFL	1	PAR HIGH SIDES SL	B5	6	-	324	0	0	-	-	0	-	A	-	-	-	-	-	-	1	10.0	45°	17°	22°	12°	8lbs	-	0°	-	0°	0	-	False	False	False	Focus Point	5'0	0°	0	0°	0	0°	0	0°	0	0°	Par64 MFL*#	FOH	False	False	-	False	0	0	23'6.349	34'2.854	0	-	1563.1.1.0.0	4	2016-02-02 19:45:13 UTC	2016-02-02 19:45:13 UTC	""
Light	327	PAR 64 MFL	1	PAR HIGH SIDES SL	C5	7	-	313	0	0	-	-	0	-	A	-	-	-	-	-	-	1	10.0	45°	17°	22°	12°	8lbs	-	0°	-	0°	0	-	False	False	False	Focus Point	5'0	0°	0	0°	0	0°	0	0°	0	0°	Par64 MFL*#	FOH	False	False	-	False	0	0	23'9.591	23'5.447	0	-	1582.1.1.0.0	4	2016-02-02 19:45:13 UTC	2016-02-02 19:45:13 UTC	""
Light	328	Source 4 19º	575	-	C1	4	-	136	0	0	-	-	0	-	A	-	IRIS	-	-	-	-	1	6.25	17°	17°	12°	12°	14lb	-	0°	-	0°	0	-	False	False	False	Focus Point	5'0	0°	0	0°	0	0°	0	0°	0	0°	Etc Source 4 19°	FOH	False	False	-	False	0	0	-23'3.671	26'3.622	0	-	1934.1.1.0.0	4	2016-02-02 19:45:13 UTC	2016-02-02 19:45:13 UTC	""
Static Accessory	49	Iris	0	-	C1	4	-	0	0	0	-	-	0	-	-	-	-	-	-	-	-	0	0.0	0°	17°	0°	12°	-	-	0°	-	0°	0	-	False	False	False	Focus Point	5'0	0°	0	0°	0	0°	0	0°	0	0°	Iris	-	False	False	-	False	0	0	-22'5.094	26'3.622	216'0	-	1935.1.1.0.0	328	2016-02-02 19:45:15 UTC	2016-02-02 19:45:15 UTC	""
Light	329	Source 4 19º	575	-	C3	1	-	249	0	0	-	-	0	-	A	-	IRIS	-	-	-	-	1	6.25	17°	17°	12°	12°	14lb	-	0°	-	0°	0	-	False	False	False	Focus Point	5'0	0°	0	0°	0	0°	0	0°	0	0°	Etc Source 4 19°	FOH	False	False	-	False	0	0	-7.857	28'5.534	0	-	1944.1.1.0.0	4	2016-02-02 19:45:13 UTC	2016-02-02 19:45:13 UTC	""
Static Accessory	51	Iris	0	-	C3	1	-	0	0	0	-	-	0	-	-	-	-	-	-	-	-	0	0.0	0°	17°	0°	12°	-	-	0°	-	0°	0	-	False	False	False	Focus Point	5'0	0°	0	0°	0	0°	0	0°	0	0°	Iris	-	False	False	-	False	0	0	-7.857	29'4.454	216'0	-	1945.1.1.0.0	329	2016-02-02 19:45:15 UTC	2016-02-02 19:45:15 UTC	""
Light	330	Source 4 19º	575	-	C5	6	-	322	0	0	-	-	0	-	A	-	IRIS	-	-	-	-	1	6.25	17°	17°	12°	12°	14lb	-	0°	-	0°	0	-	False	False	False	Focus Point	5'0	0°	0	0°	0	0°	0	0°	0	0°	Etc Source 4 19°	FOH	False	False	-	False	0	0	21'8.669	26'6.111	0	-	1956.1.1.0.0	4	2016-02-02 19:45:13 UTC	2016-02-02 19:45:13 UTC	""
Static Accessory	52	Iris	0	-	C5	6	-	0	0	0	-	-	0	-	-	-	-	-	-	-	-	0	0.0	0°	17°	0°	12°	-	-	0°	-	0°	0	-	False	False	False	Focus Point	5'0	0°	0	0°	0	0°	0	0°	0	0°	Iris	-	False	False	-	False	0	0	21'1.516	26'6.111	216'0	-	1957.1.1.0.0	330	2016-02-02 19:45:15 UTC	2016-02-02 19:45:15 UTC	""
Light	331	Source 4 19º	575	-	D5	6	-	316	0	0	-	-	0	-	A	-	IRIS	-	-	-	-	1	6.25	17°	17°	12°	12°	14lb	-	0°	-	0°	0	-	False	False	False	Focus Point	5'0	0°	0	0°	0	0°	0	0°	0	0°	Etc Source 4 19°	FOH	False	False	-	False	0	0	22'5.123	16'3.246	0	-	1960.1.1.0.0	4	2016-02-02 19:45:13 UTC	2016-02-02 19:45:13 UTC	""
Static Accessory	53	Iris	0	-	D5	6	-	0	0	0	-	-	0	-	-	-	-	-	-	-	-	0	0.0	0°	17°	0°	12°	-	-	0°	-	0°	0	-	False	False	False	Focus Point	5'0	0°	0	0°	0	0°	0	0°	0	0°	Iris	-	False	False	-	False	0	0	21'6.971	16'3.246	216'0	-	1961.1.1.0.0	331	2016-02-02 19:45:16 UTC	2016-02-02 19:45:16 UTC	""
Light	332	Source 4 19º	575	-	D2	2	-	207	0	0	-	-	0	-	A	-	IRIS	-	-	-	-	1	6.25	17°	17°	12°	12°	14lb	-	0°	-	0°	0	-	False	False	False	Focus Point	5'0	0°	0	0°	0	0°	0	0°	0	0°	Etc Source 4 19°	FOH	False	False	-	False	0	0	-6'8.739	19'2.811	0	-	1966.1.1.0.0	4	2016-02-02 19:45:13 UTC	2016-02-02 19:45:13 UTC	""
Static Accessory	54	Iris	0	-	D2	2	-	0	0	0	-	-	0	-	-	-	-	-	-	-	-	0	0.0	0°	17°	0°	12°	-	-	0°	-	0°	0	-	False	False	False	Focus Point	5'0	0°	0	0°	0	0°	0	0°	0	0°	Iris	-	False	False	-	False	0	0	-6'8.739	20'1.046	216'0	-	2211.1.1.0.0	332	2016-02-02 19:45:16 UTC	2016-02-02 19:45:16 UTC	""
Light	333	6 Fresnel	1	BACK C	CATWALK UP STAGE-1	10	-	48	0	0	-	-	0	-	A	-	-	-	-	-	-	0	7.5	75°	17°	13°	12°	11.1lbs	-	0°	-	0°	0	-	False	False	False	Focus Point	5'0	0°	0	0°	0	0°	0	0°	0	0°	6 Fresnel	FOH	False	False	-	False	0	0	-22'4.685	64'1.636	216'0	-	1712.1.1.0.0	4	2016-02-02 19:45:13 UTC	2016-02-02 19:45:13 UTC	""
Light	334	6 Fresnel	1	BACK W	CATWALK UP STAGE-1	9	-	55	0	0	-	-	0	-	A	-	-	-	-	-	-	0	7.5	75°	17°	13°	12°	11.1lbs	-	0°	-	0°	0	-	False	False	False	Focus Point	5'0	0°	0	0°	0	0°	0	0°	0	0°	6 Fresnel	FOH	False	False	-	False	0	0	-16'11.099	64'1.078	216'0	-	2212.1.1.0.0	4	2016-02-02 19:45:13 UTC	2016-02-02 19:45:13 UTC	""
Static Accessory	61	7.5 2 Leaf Barn Door	0	-	CATWALK UP STAGE-1	9	-	0	0	0	-	-	0	-	A	-	-	-	-	-	-	1	0.0	0°	17°	0°	12°	-	-	0°	-	0°	0	-	False	False	False	Focus Point	5'0	0°	0	0°	0	0°	0	0°	0	0°	7.5 2 Leaf Barn Door	-	False	False	-	False	0	0	-16'11.224	63'6.649	216'0	-	2229.1.1.0.0	334	2016-02-02 19:45:16 UTC	2016-02-02 19:45:16 UTC	""
Light	335	6 Fresnel	1	BACK C	CATWALK UP STAGE-1	8	-	56	0	0	-	-	0	-	A	-	-	-	-	-	-	0	7.5	75°	17°	13°	12°	11.1lbs	-	0°	-	0°	0	-	False	False	False	Focus Point	5'0	0°	0	0°	0	0°	0	0°	0	0°	6 Fresnel	FOH	False	False	-	False	0	0	-12'11.099	64'1.078	216'0	-	1714.1.1.0.0	4	2016-02-02 19:45:13 UTC	2016-02-02 19:45:13 UTC	""
Light	336	6 Fresnel	1	BACK W	CATWALK UP STAGE-1	7	-	57	0	0	-	-	0	-	A	-	-	-	-	-	-	0	7.5	75°	17°	13°	12°	11.1lbs	-	0°	-	0°	0	-	False	False	False	Focus Point	5'0	0°	0	0°	0	0°	0	0°	0	0°	6 Fresnel	FOH	False	False	-	False	0	0	-7'6.465	64'1.636	216'0	-	2213.1.1.0.0	4	2016-02-02 19:45:13 UTC	2016-02-02 19:45:13 UTC	""
Static Accessory	55	7.5 4 Leaf Barn Door	0	-	CATWALK UP STAGE-1	7	-	0	0	0	-	-	0	-	A	-	-	-	-	-	-	1	0.0	0°	17°	0°	12°	-	-	0°	-	0°	0	-	False	False	False	Focus Point	5'0	0°	0	0°	0	0°	0	0°	0	0°	7.5 2 Leaf Barn Door	-	False	False	-	False	0	0	-12'11.224	63'5.689	216'0	-	2223.1.1.0.0	336	2016-02-02 19:45:16 UTC	2016-02-02 19:45:16 UTC	""
Light	337	6 Fresnel	1	BACK C	CATWALK UP STAGE-1	6	-	63	0	0	-	-	0	-	A	-	-	-	-	-	-	0	7.5	75°	17°	13°	12°	11.1lbs	-	0°	-	0°	0	-	False	False	False	Focus Point	5'0	0°	0	0°	0	0°	0	0°	0	0°	6 Fresnel	FOH	False	False	-	False	0	0	-2'10.764	64'1.636	216'0	-	2214.1.1.0.0	4	2016-02-02 19:45:13 UTC	2016-02-02 19:45:13 UTC	""
Static Accessory	56	7.5 4 Leaf Barn Door	0	-	CATWALK UP STAGE-1	6	-	0	0	0	-	-	0	-	A	-	-	-	-	-	-	1	0.0	0°	17°	0°	12°	-	-	0°	-	0°	0	-	False	False	False	Focus Point	5'0	0°	0	0°	0	0°	0	0°	0	0°	7.5 2 Leaf Barn Door	-	False	False	-	False	0	0	-7'6.293	63'6.589	216'0	-	2224.1.1.0.0	337	2016-02-02 19:45:16 UTC	2016-02-02 19:45:16 UTC	""
Light	338	6 Fresnel	1	BACK W	CATWALK UP STAGE-1	5	-	61	0	0	-	-	0	-	A	-	-	-	-	-	-	0	7.5	75°	17°	13°	12°	11.1lbs	-	0°	-	0°	0	-	False	False	False	Focus Point	5'0	0°	0	0°	0	0°	0	0°	0	0°	6 Fresnel	FOH	False	False	-	False	0	0	3'1.315	64'1.636	216'0	-	2215.1.1.0.0	4	2016-02-02 19:45:13 UTC	2016-02-02 19:45:13 UTC	""
Static Accessory	57	7.5 4 Leaf Barn Door	0	-	CATWALK UP STAGE-1	5	-	0	0	0	-	-	0	-	A	-	-	-	-	-	-	1	0.0	0°	17°	0°	12°	-	-	0°	-	0°	0	-	False	False	False	Focus Point	5'0	0°	0	0°	0	0°	0	0°	0	0°	7.5 2 Leaf Barn Door	-	False	False	-	False	0	0	-2'10.592	63'6.589	216'0	-	2225.1.1.0.0	338	2016-02-02 19:45:16 UTC	2016-02-02 19:45:16 UTC	""
Light	339	6 Fresnel	1	BACK C	CATWALK UP STAGE-1	4	-	68	0	0	-	-	0	-	A	-	-	-	-	-	-	0	7.5	75°	17°	13°	12°	11.1lbs	-	0°	-	0°	0	-	False	False	False	Focus Point	5'0	0°	0	0°	0	0°	0	0°	0	0°	6 Fresnel	FOH	False	False	-	False	0	0	7'7.819	64'1.636	216'0	-	2216.1.1.0.0	4	2016-02-02 19:45:13 UTC	2016-02-02 19:45:13 UTC	""
Static Accessory	58	7.5 4 Leaf Barn Door	0	-	CATWALK UP STAGE-1	4	-	0	0	0	-	-	0	-	A	-	-	-	-	-	-	1	0.0	0°	17°	0°	12°	-	-	0°	-	0°	0	-	False	False	False	Focus Point	5'0	0°	0	0°	0	0°	0	0°	0	0°	7.5 2 Leaf Barn Door	-	False	False	-	False	0	0	3'1.364	63'6.8	216'0	-	2226.1.1.0.0	339	2016-02-02 19:45:16 UTC	2016-02-02 19:45:16 UTC	""
Light	340	6 Fresnel	1	BACK W	CATWALK UP STAGE-1	3	-	69	0	0	-	-	0	-	A	-	-	-	-	-	-	0	7.5	75°	17°	13°	12°	11.1lbs	-	0°	-	0°	0	-	False	False	False	Focus Point	5'0	0°	0	0°	0	0°	0	0°	0	0°	6 Fresnel	FOH	False	False	-	False	0	0	12'10.527	64'.596	216'0	-	2217.1.1.0.0	4	2016-02-02 19:45:13 UTC	2016-02-02 19:45:13 UTC	""
Static Accessory	59	7.5 4 Leaf Barn Door	0	-	CATWALK UP STAGE-1	3	-	0	0	0	-	-	0	-	A	-	-	-	-	-	-	1	0.0	0°	17°	0°	12°	-	-	0°	-	0°	0	-	False	False	False	Focus Point	5'0	0°	0	0°	0	0°	0	0°	0	0°	7.5 2 Leaf Barn Door	-	False	False	-	False	0	0	7'8.036	63'6.687	216'0	-	2227.1.1.0.0	340	2016-02-02 19:45:16 UTC	2016-02-02 19:45:16 UTC	""
Light	341	6 Fresnel	1	BACK C	CATWALK UP STAGE-1	2	-	73	0	0	-	-	0	-	A	-	-	-	-	-	-	0	7.5	75°	17°	13°	12°	11.1lbs	-	0°	-	0°	0	-	False	False	False	Focus Point	5'0	0°	0	0°	0	0°	0	0°	0	0°	6 Fresnel	FOH	False	False	-	False	0	0	17'3.929	64'1.636	216'0	-	2218.1.1.0.0	4	2016-02-02 19:45:13 UTC	2016-02-02 19:45:13 UTC	""
Static Accessory	60	7.5 4 Leaf Barn Door	0	-	CATWALK UP STAGE-1	2	-	0	0	0	-	-	0	-	A	-	-	-	-	-	-	1	0.0	0°	17°	0°	12°	-	-	0°	-	0°	0	-	False	False	False	Focus Point	5'0	0°	0	0°	0	0°	0	0°	0	0°	7.5 2 Leaf Barn Door	-	False	False	-	False	0	0	12'10.402	63'5.647	216'0	-	2228.1.1.0.0	341	2016-02-02 19:45:16 UTC	2016-02-02 19:45:16 UTC	""
Light	342	6 Fresnel	1	BACK W	CATWALK UP STAGE-1	1	-	74	0	0	-	-	0	-	A	-	-	-	-	-	-	0	7.5	75°	17°	13°	12°	11.1lbs	-	0°	-	0°	0	-	False	False	False	Focus Point	5'0	0°	0	0°	0	0°	0	0°	0	0°	6 Fresnel	FOH	False	False	-	False	0	0	22'6.648	64'1.122	216'0	-	1721.1.1.0.0	4	2016-02-02 19:45:13 UTC	2016-02-02 19:45:13 UTC	""
Light	343	PAR64 NSP	1	CURTAIN WARMER	CATWALK US sidearm	10	-	54	0	0	-	-	0	-	A	-	-	-	-	-	-	1	0.0	0°	17°	0°	12°	0	-	0°	-	0°	0	-	False	False	False	Focus Point	5'0	0°	0	0°	0	0°	0	0°	0	0°	PAR64 NSP	FOH	False	False	-	False	0	0	-5'11.782	62'8.876	0	-	1729.1.1.0.0	4	2016-02-02 19:45:13 UTC	2016-02-02 19:45:13 UTC	""
Light	344	PAR64 NSP	1	CURTAIN WARMER	CATWALK US sidearm	8	-	60	0	0	-	-	0	-	A	-	-	-	-	-	-	1	0.0	0°	17°	0°	12°	0	-	0°	-	0°	0	-	False	False	False	Focus Point	5'0	0°	0	0°	0	0°	0	0°	0	0°	PAR64 NSP	FOH	False	False	-	False	0	0	-1'5.874	62'8.876	0	-	1730.1.1.0.0	4	2016-02-02 19:45:13 UTC	2016-02-02 19:45:13 UTC	""
Light	345	PAR64 NSP	1	CURTAIN WARMER	CATWALK US sidearm	7	-	59	0	0	-	-	0	-	A	-	-	-	-	-	-	1	0.0	0°	17°	0°	12°	0	-	0°	-	0°	0	-	False	False	False	Focus Point	5'0	0°	0	0°	0	0°	0	0°	0	0°	PAR64 NSP	FOH	False	False	-	False	0	0	1'5.126	62'8.876	0	-	1731.1.1.0.0	4	2016-02-02 19:45:13 UTC	2016-02-02 19:45:13 UTC	""
Light	346	PAR64 NSP	1	CURTAIN WARMER	CATWALK US sidearm	5	-	58	0	0	-	-	0	-	A	-	-	-	-	-	-	1	0.0	0°	17°	0°	12°	0	-	0°	-	0°	0	-	False	False	False	Focus Point	5'0	0°	0	0°	0	0°	0	0°	0	0°	PAR64 NSP	FOH	False	False	-	False	0	0	6'.929	62'8.876	0	-	1732.1.1.0.0	4	2016-02-02 19:45:13 UTC	2016-02-02 19:45:13 UTC	""
Light	347	Source 4 19º	575	-	E2	5	-	197	0	0	-	-	0	-	A	-	IRIS	-	-	-	-	1	6.25	17°	17°	12°	12°	14lb	-	0°	-	0°	0	-	False	False	False	Focus Point	5'0	0°	0	0°	0	0°	0	0°	0	0°	Etc Source 4 19°	FOH	False	False	-	False	0	0	-10'7.071	3'5.534	0	-	2244.1.1.0.0	4	2016-02-02 19:45:13 UTC	2016-02-02 19:45:13 UTC	""
Light	348	Source 4 19º	575	-	E3	2	-	194	0	0	-	-	0	-	A	-	IRIS	-	-	-	-	1	6.25	17°	17°	12°	12°	14lb	-	0°	-	0°	0	-	False	False	False	Focus Point	5'0	0°	0	0°	0	0°	0	0°	0	0°	Etc Source 4 19°	FOH	False	False	-	False	0	0	-7.331	3'6.534	0	-	2248.1.1.0.0	4	2016-02-02 19:45:13 UTC	2016-02-02 19:45:13 UTC	""
Static Accessory	62	Iris	0	-	E3	2	-	0	0	0	-	-	0	-	-	-	-	-	-	-	-	0	0.0	0°	17°	0°	12°	-	-	0°	-	0°	0	-	False	False	False	Focus Point	5'0	0°	0	0°	0	0°	0	0°	0	0°	Iris	-	False	False	-	False	0	0	-7.331	4'5.111	216'0	-	2249.1.1.0.0	348	2016-02-02 19:45:16 UTC	2016-02-02 19:45:16 UTC	""
Light	349	Source 4 19º	575	-	E4	2	-	229	0	0	-	-	0	-	A	-	IRIS	-	-	-	-	1	6.25	17°	17°	12°	12°	14lb	-	0°	-	0°	0	-	False	False	False	Focus Point	5'0	0°	0	0°	0	0°	0	0°	0	0°	Etc Source 4 19°	FOH	False	False	-	False	0	0	9'6.357	3'7.491	0	-	2252.1.1.0.0	4	2016-02-02 19:45:13 UTC	2016-02-02 19:45:13 UTC	""
Static Accessory	63	Iris	0	-	E4	2	-	0	0	0	-	-	0	-	-	-	-	-	-	-	-	0	0.0	0°	17°	0°	12°	-	-	0°	-	0°	0	-	False	False	False	Focus Point	5'0	0°	0	0°	0	0°	0	0°	0	0°	Iris	-	False	False	-	False	0	0	9'6.357	4'5.726	216'0	-	2253.1.1.0.0	349	2016-02-02 19:45:16 UTC	2016-02-02 19:45:16 UTC	""
Light	350	Source 4 19º	575	-	E5	4	-	302	0	0	-	-	0	-	A	-	IRIS	-	-	-	-	1	6.25	17°	17°	12°	12°	14lb	-	0°	-	0°	0	-	False	False	False	Focus Point	5'0	0°	0	0°	0	0°	0	0°	0	0°	Etc Source 4 19°	FOH	False	False	-	False	0	0	22'1.669	6'4.297	0	-	2256.1.1.0.0	4	2016-02-02 19:45:13 UTC	2016-02-02 19:45:13 UTC	""
Static Accessory	64	Iris	0	-	E5	4	-	0	0	0	-	-	0	-	-	-	-	-	-	-	-	0	0.0	0°	17°	0°	12°	-	-	0°	-	0°	0	-	False	False	False	Focus Point	5'0	0°	0	0°	0	0°	0	0°	0	0°	Iris	-	False	False	-	False	0	0	21'3.434	6'4.297	216'0	-	2257.1.1.0.0	350	2016-02-02 19:45:16 UTC	2016-02-02 19:45:16 UTC	""
Light	351	Source 4 36º	575	HIGH SIDES SL	CATWALK LEFT	4	-	102	0	0	-	-	0	-	A	-	-	-	-	-	-	1	6.25	34°	17°	23°	12°	14lb	-	0°	-	0°	0	-	False	False	False	Focus Point	5'0	0°	0	0°	0	0°	0	0°	0	0°	Etc Source 4 36°	FOH	False	False	-	False	0	0	30'11.001	26'10.438	216'0	-	1532.1.1.0.0	4	2016-02-02 19:45:13 UTC	2016-02-02 19:45:13 UTC	""
Light	352	Source 4 26º	575	HIGH SIDES SL	CATWALK LEFT	9	-	91	0	0	-	-	0	-	A	-	-	-	-	-	-	1	6.25	25°	17°	17°	12°	14lb	-	0°	-	0°	0	-	False	False	False	Focus Point	5'0	0°	0	0°	0	0°	0	0°	0	0°	Etc Source 4  26°	FOH	False	False	-	False	0	0	30'11.001	38'5.255	216'0	-	1554.1.1.0.0	4	2016-02-02 19:45:13 UTC	2016-02-02 19:45:13 UTC	""
Light	353	Source 4 26º	575	HIGH SIDE SL	CATWALK LEFT	7	-	92	0	0	-	-	0	-	A	-	-	-	-	-	-	1	6.25	25°	17°	17°	12°	14lb	-	0°	-	0°	0	-	False	False	False	Focus Point	5'0	0°	0	0°	0	0°	0	0°	0	0°	Etc Source 4  26°	FOH	False	False	-	False	0	0	30'9.701	34'5.93	216'0	-	1651.1.1.0.0	4	2016-02-02 19:45:13 UTC	2016-02-02 19:45:13 UTC	""
Light	354	Source 4 36º	575	HIGH SIDE SL	CATWALK LEFT	6	-	95	0	0	-	-	0	-	A	-	-	-	-	-	-	1	6.25	34°	17°	23°	12°	14lb	-	0°	-	0°	0	-	False	False	False	Focus Point	5'0	0°	0	0°	0	0°	0	0°	0	0°	Etc Source 4 36°	FOH	False	False	-	False	0	0	30'9.701	33'3.676	216'0	-	1654.1.1.0.0	4	2016-02-02 19:45:13 UTC	2016-02-02 19:45:13 UTC	""
Light	355	Source 4 26º	575	HIGH SIDES SL	CATWALK LEFT	17	-	79	0	0	-	-	0	-	A	-	-	-	-	-	-	1	6.25	25°	17°	17°	12°	14lb	-	0°	-	0°	0	-	False	False	False	Focus Point	5'0	0°	0	0°	0	0°	0	0°	0	0°	Etc Source 4  26°	FOH	False	False	-	False	0	0	30'11.001	57'10.925	216'0	-	1552.1.1.0.0	4	2016-02-02 19:45:14 UTC	2016-02-02 19:45:14 UTC	""
Light	356	Source 4 26º	575	HIGH SIDES SL	CATWALK LEFT	13	-	85	0	0	-	-	0	-	A	-	-	-	-	-	-	1	6.25	25°	17°	17°	12°	14lb	-	0°	-	0°	0	-	False	False	False	Focus Point	5'0	0°	0	0°	0	0°	0	0°	0	0°	Etc Source 4  26°	FOH	False	False	-	False	0	0	30'11.001	48'5.588	216'0	-	1553.1.1.0.0	4	2016-02-02 19:45:14 UTC	2016-02-02 19:45:14 UTC	""
Light	357	Source 4 26º	575	HIGH SIDE SL	CATWALK LEFT	15	-	80	0	0	-	-	0	-	A	-	-	-	-	-	-	1	6.25	25°	17°	17°	12°	14lb	-	0°	-	0°	0	-	False	False	False	Focus Point	5'0	0°	0	0°	0	0°	0	0°	0	0°	Etc Source 4  26°	FOH	False	False	-	False	0	0	30'9.701	54'4.933	216'0	-	1649.1.1.0.0	4	2016-02-02 19:45:14 UTC	2016-02-02 19:45:14 UTC	""
Light	358	Source 4 26º	575	HIGH SIDE SL	CATWALK LEFT	11	-	86	0	0	-	-	0	-	A	-	-	-	-	-	-	1	6.25	25°	17°	17°	12°	14lb	-	0°	-	0°	0	-	False	False	False	Focus Point	5'0	0°	0	0°	0	0°	0	0°	0	0°	Etc Source 4  26°	FOH	False	False	-	False	0	0	30'9.701	44'5.096	216'0	-	1650.1.1.0.0	4	2016-02-02 19:45:14 UTC	2016-02-02 19:45:14 UTC	""
Light	359	Source 4 36º	575	HIGH SIDE SL	CATWALK LEFT	14	-	83	0	0	-	-	0	-	A	-	-	-	-	-	-	1	6.25	34°	17°	23°	12°	14lb	-	0°	-	0°	0	-	False	False	False	Focus Point	5'0	0°	0	0°	0	0°	0	0°	0	0°	Etc Source 4 36°	FOH	False	False	-	False	0	0	30'9.701	53'2.302	216'0	-	1652.1.1.0.0	4	2016-02-02 19:45:14 UTC	2016-02-02 19:45:14 UTC	""
Light	360	Source 4 36º	575	HIGH SIDE SL	CATWALK LEFT	10	-	89	0	0	-	-	0	-	A	-	-	-	-	-	-	1	6.25	34°	17°	23°	12°	14lb	-	0°	-	0°	0	-	False	False	False	Focus Point	5'0	0°	0	0°	0	0°	0	0°	0	0°	Etc Source 4 36°	FOH	False	False	-	False	0	0	30'9.701	43'2.965	216'0	-	1653.1.1.0.0	4	2016-02-02 19:45:14 UTC	2016-02-02 19:45:14 UTC	""
Light	361	8 Fresnel	2	BACK C	XP1	5	-	189	0	0	-	-	0	-	A	-	-	-	-	-	-	1	7.5	64°	17°	15°	12°	19.5lbs	-	0°	-	0°	0	-	False	False	False	Focus Point	5'0	0°	0	0°	0	0°	0	0°	0	0°	8 Fresnel	FOH	False	False	-	False	0	0	-5'5.614	54'.555	0	-	1577.1.1.0.0	4	2016-02-02 19:45:14 UTC	2016-02-02 19:45:14 UTC	""
Light	362	8 Fresnel	2	BACK C	XP1	3	-	297	0	0	-	-	0	-	A	-	-	-	-	-	-	1	7.5	64°	17°	15°	12°	19.5lbs	-	0°	-	0°	0	-	False	False	False	Focus Point	5'0	0°	0	0°	0	0°	0	0°	0	0°	8 Fresnel	FOH	False	False	-	False	0	0	6'7.052	54'.555	0	-	1579.1.1.0.0	4	2016-02-02 19:45:14 UTC	2016-02-02 19:45:14 UTC	""
Light	363	8 Fresnel	2	BACK W	XP1	2	-	332	0	0	-	-	0	-	A	-	-	-	-	-	-	1	7.5	64°	17°	15°	12°	19.5lbs	-	0°	-	0°	0	-	False	False	False	Focus Point	5'0	0°	0	0°	0	0°	0	0°	0	0°	8 Fresnel	FOH	False	False	-	False	0	0	16'8.254	54'.555	0	-	1580.1.1.0.0	4	2016-02-02 19:45:14 UTC	2016-02-02 19:45:14 UTC	""
Light	364	8 Fresnel	2	BACK C	XP1	1	-	334	0	0	-	-	0	-	A	-	-	-	-	-	-	1	7.5	64°	17°	15°	12°	19.5lbs	-	0°	-	0°	0	-	False	False	False	Focus Point	5'0	0°	0	0°	0	0°	0	0°	0	0°	8 Fresnel	FOH	False	False	-	False	0	0	18'7.719	54'.555	0	-	1581.1.1.0.0	4	2016-02-02 19:45:14 UTC	2016-02-02 19:45:14 UTC	""
Light	365	8 Fresnel	2	BACK W	XP1	8	-	153	0	0	-	-	0	-	A	-	-	-	-	-	-	1	7.5	64°	17°	15°	12°	19.5lbs	-	0°	-	0°	0	-	False	False	False	Focus Point	5'0	0°	0	0°	0	0°	0	0°	0	0°	8 Fresnel	FOH	False	False	-	False	0	0	-19'8.084	54'.555	0	-	1574.1.1.0.0	4	2016-02-02 19:45:14 UTC	2016-02-02 19:45:14 UTC	""
Light	366	8 Fresnel	2	BACK C	XP1	7	-	154	0	0	-	-	0	-	A	-	-	-	-	-	-	1	7.5	64°	17°	15°	12°	19.5lbs	-	0°	-	0°	0	-	False	False	False	Focus Point	5'0	0°	0	0°	0	0°	0	0°	0	0°	8 Fresnel	FOH	False	False	-	False	0	0	-17'6.281	54'.555	0	-	1575.1.1.0.0	4	2016-02-02 19:45:14 UTC	2016-02-02 19:45:14 UTC	""
Light	367	Source 4 19º	575	-	E1	4	-	127	0	0	-	-	0	-	A	-	IRIS	-	-	-	-	1	6.25	17°	17°	12°	12°	14lb	-	0°	-	0°	0	-	False	False	False	Focus Point	5'0	0°	0	0°	0	0°	0	0°	0	0°	Etc Source 4 19°	FOH	False	False	-	False	0	0	-23'4.902	6'5.143	0	-	2260.1.1.0.0	4	2016-02-02 19:45:14 UTC	2016-02-02 19:45:14 UTC	""
Static Accessory	65	Iris	0	-	E1	4	-	0	0	0	-	-	0	-	-	-	-	-	-	-	-	0	0.0	0°	17°	0°	12°	-	-	0°	-	0°	0	-	False	False	False	Focus Point	5'0	0°	0	0°	0	0°	0	0°	0	0°	Iris	-	False	False	-	False	0	0	-22'9.749	6'5.079	216'0	-	2261.1.1.0.0	367	2016-02-02 19:45:16 UTC	2016-02-02 19:45:16 UTC	""
Light	368	Source 4 19º	575	-	D1	4	-	133	0	0	-	-	0	-	A	-	IRIS	-	-	-	-	1	6.25	17°	17°	12°	12°	14lb	-	0°	-	0°	0	-	False	False	False	Focus Point	5'0	0°	0	0°	0	0°	0	0°	0	0°	Etc Source 4 19°	FOH	False	False	-	False	0	0	-24'1.741	15'11.469	0	-	2262.1.1.0.0	4	2016-02-02 19:45:14 UTC	2016-02-02 19:45:14 UTC	""
Static Accessory	66	Iris	0	-	D1	4	-	0	0	0	-	-	0	-	-	-	-	-	-	-	-	0	0.0	0°	17°	0°	12°	-	-	0°	-	0°	0	-	False	False	False	Focus Point	5'0	0°	0	0°	0	0°	0	0°	0	0°	Iris	-	False	False	-	False	0	0	-23'3.297	15'11.469	216'0	-	2263.1.1.0.0	368	2016-02-02 19:45:16 UTC	2016-02-02 19:45:16 UTC	""
Light	369	Source 4 26º	575	HIGH SIDES SR	CATWALK RIGHT	8	-	25	0	0	-	-	0	-	A	-	-	-	-	-	-	1	6.25	25°	17°	17°	12°	14lb	-	0°	-	0°	0	-	False	False	False	Focus Point	5'0	0°	0	0°	0	0°	0	0°	0	0°	Etc Source 4  26°	FOH	False	False	-	False	0	0	-30'10.999	38'3.553	216'0	-	1550.1.1.0.0	4	2016-02-02 19:45:14 UTC	2016-02-02 19:45:14 UTC	""
Light	370	Source 4 26º	575	HIGH SIDES SR	CATWALK RIGHT	4	-	22	0	0	-	-	0	-	A	-	-	-	-	-	-	1	6.25	25°	17°	17°	12°	14lb	-	0°	-	0°	0	-	False	False	False	Focus Point	5'0	0°	0	0°	0	0°	0	0°	0	0°	Etc Source 4  26°	FOH	False	False	-	False	0	0	-30'10.999	27'11.729	216'0	-	1551.1.1.0.0	4	2016-02-02 19:45:14 UTC	2016-02-02 19:45:14 UTC	""
Light	371	Source 4 26º	575	HIGH SIDE SR	CATWALK RIGHT	6	-	26	0	0	-	-	0	-	A	-	-	-	-	-	-	1	6.25	25°	17°	17°	12°	14lb	-	0°	-	0°	0	-	False	False	False	Focus Point	5'0	0°	0	0°	0	0°	0	0°	0	0°	Etc Source 4  26°	FOH	False	False	-	False	0	0	-30'11.791	34'4.227	216'0	-	1648.1.1.0.0	4	2016-02-02 19:45:14 UTC	2016-02-02 19:45:14 UTC	""
Light	372	Source 4 36º	575	HIGH SIDES SR	CATWALK RIGHT	1	-	23	0	0	-	-	0	-	A	-	-	-	-	-	-	1	6.25	34°	17°	23°	12°	14lb	-	0°	-	0°	0	-	False	False	False	Focus Point	5'0	0°	0	0°	0	0°	0	0°	0	0°	Etc Source 4 36°	FOH	False	False	-	False	0	0	-30'10.999	22'7.014	216'0	-	1665.1.1.0.0	4	2016-02-02 19:45:14 UTC	2016-02-02 19:45:14 UTC	""
Light	373	Source 4 26º	575	HIGH SIDES SR	CATWALK RIGHT	2	-	18	0	0	-	-	0	-	A	-	-	-	-	-	-	1	6.25	25°	17°	17°	12°	14lb	-	0°	-	0°	0	-	False	False	False	Focus Point	5'0	0°	0	0°	0	0°	0	0°	0	0°	Etc Source 4  26°	FOH	False	False	-	False	0	0	-30'10.999	23'10.021	216'0	-	1667.1.1.0.0	4	2016-02-02 19:45:14 UTC	2016-02-02 19:45:14 UTC	""
Light	374	Source 4 26º	575	HIGH SIDES SR	CATWALK RIGHT	12	-	31	0	0	-	-	0	-	A	-	-	-	-	-	-	1	6.25	25°	17°	17°	12°	14lb	-	0°	-	0°	0	-	False	False	False	Focus Point	5'0	0°	0	0°	0	0°	0	0°	0	0°	Etc Source 4  26°	FOH	False	False	-	False	0	0	-30'10.999	48'6.458	216'0	-	1549.1.1.0.0	4	2016-02-02 19:45:14 UTC	2016-02-02 19:45:14 UTC	""
Light	375	Source 4 36º	575	HIGH SIDE SR	CATWALK RIGHT	9	-	35	0	0	-	-	0	-	A	-	-	-	-	-	-	1	6.25	34°	17°	23°	12°	14lb	-	0°	-	0°	0	-	False	False	False	Focus Point	5'0	0°	0	0°	0	0°	0	0°	0	0°	Etc Source 4 36°	FOH	False	False	-	False	0	0	-30'11.378	43'3.835	216'0	-	1644.1.1.0.0	4	2016-02-02 19:45:14 UTC	2016-02-02 19:45:14 UTC	""
Light	376	Source 4 26º	575	HIGH SIDE SR	CATWALK RIGHT	10	-	32	0	0	-	-	0	-	A	-	-	-	-	-	-	1	6.25	25°	17°	17°	12°	14lb	-	0°	-	0°	0	-	False	False	False	Focus Point	5'0	0°	0	0°	0	0°	0	0°	0	0°	Etc Source 4  26°	FOH	False	False	-	False	0	0	-30'11.378	44'5.966	216'0	-	1647.1.1.0.0	4	2016-02-02 19:45:14 UTC	2016-02-02 19:45:14 UTC	""
Light	377	Source 4 36º	575	-	C1	5	-	139	0	0	-	-	0	-	A	-	-	-	-	-	-	1	6.25	34°	17°	23°	12°	14lb	-	0°	-	0°	0	-	False	False	False	Focus Point	5'0	0°	0	0°	0	0°	0	0°	0	0°	Etc Source 4 36°	FOH	False	False	-	False	0	0	-24'10.684	28'10.667	0	-	1525.1.1.0.0	4	2016-02-02 19:45:14 UTC	2016-02-02 19:45:14 UTC	""
Light	378	Source 4 10deg	575	SIGNATURE GOBO	CATWALK LW	-	-	6	0	0	-	-	0	-	A	-	-	-	-	-	-	1	12.0	10°	17°	7°	12°	15lb	-	0°	-	0°	0	-	False	False	False	Focus Point	5'0	0°	0	0°	0	0°	0	0°	0	0°	Etc Source 4 10°	FOH	False	False	-	False	0	0	-25'2.903	-9'7.501	0	-	1739.1.1.0.0	4	2016-02-02 19:45:14 UTC	2016-02-02 19:45:14 UTC	""
Light	379	Source 4 36º	575	-	A5	1	-	300	0	0	-	-	0	-	E	-	-	-	-	-	-	1	6.25	34°	17°	23°	12°	14lb	-	0°	-	0°	0	-	False	False	False	Focus Point	5'0	0°	0	0°	0	0°	0	0°	0	0°	Etc Source 4 36°	FOH	False	False	-	False	0	0	18'1.981	50'4.543	0	-	1569.1.1.0.0	4	2016-02-02 19:45:14 UTC	2016-02-02 19:45:14 UTC	""
Light	380	Source 4 19º	575	-	B5	5	-	319	0	0	-	-	0	-	A	-	IRIS	-	-	-	-	1	6.25	17°	17°	12°	12°	14lb	-	0°	-	0°	0	-	False	False	False	Focus Point	5'0	0°	0	0°	0	0°	0	0°	0	0°	Etc Source 4 19°	FOH	False	False	-	False	0	0	22'4.669	36'2.534	0	-	2266.1.1.0.0	4	2016-02-02 19:45:14 UTC	2016-02-02 19:45:14 UTC	""
Static Accessory	67	Iris	0	-	B5	5	-	0	0	0	-	-	0	-	A	-	-	-	-	-	-	0	0.0	0°	17°	0°	12°	-	-	0°	-	0°	0	-	False	False	False	Focus Point	5'0	0°	0	0°	0	0°	0	0°	0	0°	Iris	-	False	False	-	False	0	0	21'5.985	36'2.534	216'0	-	2264.1.1.0.0	380	2016-02-02 19:45:16 UTC	2016-02-02 19:45:16 UTC	""
Light	381	Source 4 36º	575	HIGH SIDE SR	CATWALK RIGHT	13	-	41	0	0	-	-	0	-	A	-	-	-	-	-	-	1	6.25	34°	17°	23°	12°	14lb	-	0°	-	0°	0	-	False	False	False	Focus Point	5'0	0°	0	0°	0	0°	0	0°	0	0°	Etc Source 4 36°	FOH	False	False	-	False	0	0	-30'10.809	53'.6	216'0	-	1645.1.1.0.0	4	2016-02-02 19:45:14 UTC	2016-02-02 19:45:14 UTC	""
Light	382	Source 4 26º	575	HIGH SIDE SR	CATWALK RIGHT	14	-	38	0	0	-	-	0	-	A	-	-	-	-	-	-	1	6.25	25°	17°	17°	12°	14lb	-	0°	-	0°	0	-	False	False	False	Focus Point	5'0	0°	0	0°	0	0°	0	0°	0	0°	Etc Source 4  26°	FOH	False	False	-	False	0	0	-30'10.809	54'3.231	216'0	-	1646.1.1.0.0	4	2016-02-02 19:45:14 UTC	2016-02-02 19:45:14 UTC	""
Light	383	Chauvet Tri PAR38 B	35	Low Sides	Floor	1	-	0	301	0	-	-	0	-	A	-	-	-	-	-	-	1	0.0	0°	17°	0°	12°	-	-	0°	-	0°	0	-	False	False	False	Focus Point	5'0	0°	0	0°	0	0°	0	0°	0	0°	Par 38 Body	FOH	False	False	-	False	0	0	-10'1.515	39'11.894	0	-	2182.1.1.0.0	4	2016-02-02 19:45:14 UTC	2016-02-02 19:45:14 UTC	""
Light	384	Chauvet Tri PAR38 B	35	Low Sides	Floor	2	-	0	302	0	-	-	0	-	A	-	-	-	-	-	-	1	0.0	0°	17°	0°	12°	-	-	0°	-	0°	0	-	False	False	False	Focus Point	5'0	0°	0	0°	0	0°	0	0°	0	0°	Par 38 Body	FOH	False	False	-	False	0	0	-10'1.515	36'10.005	0	-	2183.1.1.0.0	4	2016-02-02 19:45:14 UTC	2016-02-02 19:45:14 UTC	""
Light	385	Chauvet Tri PAR38 B	35	Low Sides	Floor	3	-	0	303	0	-	-	0	-	A	-	-	-	-	-	-	1	0.0	0°	17°	0°	12°	-	-	0°	-	0°	0	-	False	False	False	Focus Point	5'0	0°	0	0°	0	0°	0	0°	0	0°	Par 38 Body	FOH	False	False	-	False	0	0	-10'1.515	33'8.117	0	-	2184.1.1.0.0	4	2016-02-02 19:45:14 UTC	2016-02-02 19:45:14 UTC	""
Light	386	Chauvet Tri PAR38 B	35	Low Sides	Floor	4	-	0	304	0	-	-	0	-	A	-	-	-	-	-	-	1	0.0	0°	17°	0°	12°	-	-	0°	-	0°	0	-	False	False	False	Focus Point	5'0	0°	0	0°	0	0°	0	0°	0	0°	Par 38 Body	FOH	False	False	-	False	0	0	-10'1.515	30'6.228	0	-	2185.1.1.0.0	4	2016-02-02 19:45:14 UTC	2016-02-02 19:45:14 UTC	""
Light	387	Chauvet Tri PAR38 B	35	Low Sides	Floor	5	-	0	305	0	-	-	0	-	A	-	-	-	-	-	-	1	0.0	0°	17°	0°	12°	-	-	0°	-	0°	0	-	False	False	False	Focus Point	5'0	0°	0	0°	0	0°	0	0°	0	0°	Par 38 Body	FOH	False	False	-	False	0	0	-10'1.515	27'4.339	0	-	2186.1.1.0.0	4	2016-02-02 19:45:14 UTC	2016-02-02 19:45:14 UTC	""
Light	388	Chauvet Tri PAR38 B	35	Low Sides	Floor	6	-	0	306	0	-	-	0	-	A	-	-	-	-	-	-	1	0.0	0°	17°	0°	12°	-	-	0°	-	0°	0	-	False	False	False	Focus Point	5'0	0°	0	0°	0	0°	0	0°	0	0°	Par 38 Body	FOH	False	False	-	False	0	0	-10'1.515	24'2.45	0	-	2187.1.1.0.0	4	2016-02-02 19:45:14 UTC	2016-02-02 19:45:14 UTC	""
Light	389	Chauvet Tri PAR38 B	35	Low Sides	Floor	7	-	0	307	0	-	-	0	-	A	-	-	-	-	-	-	1	0.0	0°	17°	0°	12°	-	-	0°	-	0°	0	-	False	False	False	Focus Point	5'0	0°	0	0°	0	0°	0	0°	0	0°	Par 38 Body	FOH	False	False	-	False	0	0	-10'1.515	21'.561	0	-	2188.1.1.0.0	4	2016-02-02 19:45:14 UTC	2016-02-02 19:45:14 UTC	""
Light	390	Chauvet Tri PAR38 B	35	Low Sides	Floor	8	-	0	308	0	-	-	0	-	A	-	-	-	-	-	-	1	0.0	0°	17°	0°	12°	-	-	0°	-	0°	0	-	False	False	False	Focus Point	5'0	0°	0	0°	0	0°	0	0°	0	0°	Par 38 Body	FOH	False	False	-	False	0	0	-10'1.515	17'10.672	0	-	2189.1.1.0.0	4	2016-02-02 19:45:14 UTC	2016-02-02 19:45:14 UTC	""
Light	391	Chauvet Tri PAR38 B	35	Low Sides	Floor	9	-	0	309	0	-	-	0	-	A	-	-	-	-	-	-	1	0.0	0°	17°	0°	12°	-	-	0°	-	0°	0	-	False	False	False	Focus Point	5'0	0°	0	0°	0	0°	0	0°	0	0°	Par 38 Body	FOH	False	False	-	False	0	0	-10'1.515	14'8.783	0	-	2190.1.1.0.0	4	2016-02-02 19:45:14 UTC	2016-02-02 19:45:14 UTC	""
Light	392	Chauvet Tri PAR38 B	35	Low Sides	Floor	10	-	0	310	0	-	-	0	-	A	-	-	-	-	-	-	1	0.0	0°	17°	0°	12°	-	-	0°	-	0°	0	-	False	False	False	Focus Point	5'0	0°	0	0°	0	0°	0	0°	0	0°	Par 38 Body	FOH	False	False	-	False	0	0	-10'1.515	11'6.894	0	-	2191.1.1.0.0	4	2016-02-02 19:45:14 UTC	2016-02-02 19:45:14 UTC	""
Light	393	Chauvet Tri PAR38 B	35	Low Sides	Floor	11	-	0	311	0	-	-	0	-	A	-	-	-	-	-	-	1	0.0	0°	17°	0°	12°	-	-	0°	-	0°	0	-	False	False	False	Focus Point	5'0	0°	0	0°	0	0°	0	0°	0	0°	Par 38 Body	FOH	False	False	-	False	0	0	10'2.865	40'.054	0	-	2192.1.1.0.0	4	2016-02-02 19:45:14 UTC	2016-02-02 19:45:14 UTC	""
Light	394	Chauvet Tri PAR38 B	35	Low Sides	Floor	12	-	0	312	0	-	-	0	-	A	-	-	-	-	-	-	1	0.0	0°	17°	0°	12°	-	-	0°	-	0°	0	-	False	False	False	Focus Point	5'0	0°	0	0°	0	0°	0	0°	0	0°	Par 38 Body	FOH	False	False	-	False	0	0	10'2.865	36'10.165	0	-	2193.1.1.0.0	4	2016-02-02 19:45:14 UTC	2016-02-02 19:45:14 UTC	""
Light	395	Chauvet Tri PAR38 B	35	Low Sides	Floor	13	-	0	313	0	-	-	0	-	A	-	-	-	-	-	-	1	0.0	0°	17°	0°	12°	-	-	0°	-	0°	0	-	False	False	False	Focus Point	5'0	0°	0	0°	0	0°	0	0°	0	0°	Par 38 Body	FOH	False	False	-	False	0	0	10'2.865	33'8.276	0	-	2194.1.1.0.0	4	2016-02-02 19:45:14 UTC	2016-02-02 19:45:14 UTC	""
Light	396	Chauvet Tri PAR38 B	35	Low Sides	Floor	14	-	0	314	0	-	-	0	-	A	-	-	-	-	-	-	1	0.0	0°	17°	0°	12°	-	-	0°	-	0°	0	-	False	False	False	Focus Point	5'0	0°	0	0°	0	0°	0	0°	0	0°	Par 38 Body	FOH	False	False	-	False	0	0	10'2.865	30'6.387	0	-	2195.1.1.0.0	4	2016-02-02 19:45:14 UTC	2016-02-02 19:45:14 UTC	""
Light	397	Chauvet Tri PAR38 B	35	Low Sides	Floor	15	-	0	315	0	-	-	0	-	A	-	-	-	-	-	-	1	0.0	0°	17°	0°	12°	-	-	0°	-	0°	0	-	False	False	False	Focus Point	5'0	0°	0	0°	0	0°	0	0°	0	0°	Par 38 Body	FOH	False	False	-	False	0	0	10'2.865	27'4.499	0	-	2196.1.1.0.0	4	2016-02-02 19:45:14 UTC	2016-02-02 19:45:14 UTC	""
Light	398	Chauvet Tri PAR38 B	35	Low Sides	Floor	16	-	0	316	0	-	-	0	-	A	-	-	-	-	-	-	1	0.0	0°	17°	0°	12°	-	-	0°	-	0°	0	-	False	False	False	Focus Point	5'0	0°	0	0°	0	0°	0	0°	0	0°	Par 38 Body	FOH	False	False	-	False	0	0	10'2.865	24'2.61	0	-	2197.1.1.0.0	4	2016-02-02 19:45:14 UTC	2016-02-02 19:45:14 UTC	""
Light	399	Chauvet Tri PAR38 B	35	Low Sides	Floor	17	-	0	317	0	-	-	0	-	A	-	-	-	-	-	-	1	0.0	0°	17°	0°	12°	-	-	0°	-	0°	0	-	False	False	False	Focus Point	5'0	0°	0	0°	0	0°	0	0°	0	0°	Par 38 Body	FOH	False	False	-	False	0	0	10'2.865	21'.721	0	-	2198.1.1.0.0	4	2016-02-02 19:45:14 UTC	2016-02-02 19:45:14 UTC	""
Light	400	Chauvet Tri PAR38 B	35	Low Sides	Floor	18	-	0	318	0	-	-	0	-	A	-	-	-	-	-	-	1	0.0	0°	17°	0°	12°	-	-	0°	-	0°	0	-	False	False	False	Focus Point	5'0	0°	0	0°	0	0°	0	0°	0	0°	Par 38 Body	FOH	False	False	-	False	0	0	10'2.865	17'10.832	0	-	2199.1.1.0.0	4	2016-02-02 19:45:14 UTC	2016-02-02 19:45:14 UTC	""
Light	401	Chauvet Tri PAR38 B	35	Low Sides	Floor	19	-	0	319	0	-	-	0	-	A	-	-	-	-	-	-	1	0.0	0°	17°	0°	12°	-	-	0°	-	0°	0	-	False	False	False	Focus Point	5'0	0°	0	0°	0	0°	0	0°	0	0°	Par 38 Body	FOH	False	False	-	False	0	0	10'2.865	14'8.943	0	-	2200.1.1.0.0	4	2016-02-02 19:45:14 UTC	2016-02-02 19:45:14 UTC	""
Light	402	Chauvet Tri PAR38 B	35	Low Sides	Floor	20	-	0	320	0	-	-	0	-	A	-	-	-	-	-	-	1	0.0	0°	17°	0°	12°	-	-	0°	-	0°	0	-	False	False	False	Focus Point	5'0	0°	0	0°	0	0°	0	0°	0	0°	Par 38 Body	FOH	False	False	-	False	0	0	10'2.865	11'7.054	0	-	2201.1.1.0.0	4	2016-02-02 19:45:14 UTC	2016-02-02 19:45:14 UTC	""
Light	403	COLORdash 7	73	Overhead Splats	Floor	-	-	0	322	0	-	-	0	-	A	-	-	-	-	-	-	1	0.0	0°	17°	0°	12°	-	-	0°	-	0°	0	-	False	False	False	Focus Point	5'0	0°	0	0°	0	0°	0	0°	0	0°	PAR LED	FOH	False	False	-	False	0	0	10'5.09	16'3.593	0	-	2202.1.1.0.0	4	2016-02-02 19:45:14 UTC	2016-02-02 19:45:14 UTC	""
Light	404	COLORdash 7	73	Overhead Splats	Floor	-	-	0	323	0	-	-	0	-	A	-	-	-	-	-	-	1	0.0	0°	17°	0°	12°	-	-	0°	-	0°	0	-	False	False	False	Focus Point	5'0	0°	0	0°	0	0°	0	0°	0	0°	PAR LED	FOH	False	False	-	False	0	0	-10'1.515	13'.884	0	-	2203.1.1.0.0	4	2016-02-02 19:45:14 UTC	2016-02-02 19:45:14 UTC	""
Light	405	COLORdash 7	73	Overhead Splats	Floor	-	-	0	321	0	-	-	0	-	A	-	-	-	-	-	-	1	0.0	0°	17°	0°	12°	-	-	0°	-	0°	0	-	False	False	False	Focus Point	5'0	0°	0	0°	0	0°	0	0°	0	0°	PAR LED	FOH	False	False	-	False	0	0	-10'3.522	38'4.936	0	-	2204.1.1.0.0	4	2016-02-02 19:45:14 UTC	2016-02-02 19:45:14 UTC	""
Light	406	Source 4 36º	575	walkway	EI	1	L200+R119	162	424	0	-	-	0	-	A	-	-	-	-	-	-	1	6.25	34°	17°	23°	12°	14lb	222	0°	-	0°	0	-	False	False	False	Focus Point	5'0	0°	0	0°	0	0°	0	0°	0	0°	Etc Source 4 36°	FOH	False	False	W7	False	0	0	-19'7.289	2'5.107	0	-	1508.1.1.0.0	4	2016-02-02 19:45:14 UTC	2016-02-02 19:45:14 UTC	""
Light	407	Source 4 36º	575	Audience Lav	E2	1	L180	198	413	0	-	-	0	-	A	-	-	-	-	-	-	1	6.25	34°	17°	23°	12°	14lb	222	0°	-	0°	0	-	False	False	False	Focus Point	5'0	0°	0	0°	0	0°	0	0°	0	0°	Etc Source 4 36°	FOH	False	False	Au5	False	0	0	-9'2.331	2'2.534	0	-	1509.1.1.0.0	4	2016-02-02 19:45:14 UTC	2016-02-02 19:45:14 UTC	""
Light	408	Source 4 36º	575	Audience Cyan	E3	1	L172	234	412	0	-	-	0	-	A	-	-	-	-	-	-	1	6.25	34°	17°	23°	12°	14lb	222	0°	-	0°	0	-	False	False	False	Focus Point	5'0	0°	0	0°	0	0°	0	0°	0	0°	Etc Source 4 36°	FOH	False	False	Au4	False	0	0	7.675	2'2.534	0	-	1510.1.1.0.0	4	2016-02-02 19:45:14 UTC	2016-02-02 19:45:14 UTC	""
Light	409	Source 4 36º	575	Audience Amber	E4	3	L652	232	411	0	-	-	0	-	A	-	-	-	-	-	-	1	6.25	34°	17°	23°	12°	14lb	222	0°	-	0°	0	-	False	False	False	Focus Point	5'0	0°	0	0°	0	0°	0	0°	0	0°	Etc Source 4 36°	FOH	False	False	Au4	False	0	0	7'10.761	2'2.534	0	-	1511.1.1.0.0	4	2016-02-02 19:45:14 UTC	2016-02-02 19:45:14 UTC	""
Light	410	Source 4 36º	575	Audience Lav	E5	2	L180	265	410	0	-	-	0	-	A	-	-	-	-	-	-	1	6.25	34°	17°	23°	12°	14lb	222	0°	-	0°	0	-	False	False	False	Focus Point	5'0	0°	0	0°	0	0°	0	0°	0	0°	Etc Source 4 36°	FOH	False	False	Au4	False	0	0	18'.261	2'2.535	0	-	1512.1.1.0.0	4	2016-02-02 19:45:14 UTC	2016-02-02 19:45:14 UTC	""
Light	411	Source 4 36º	575	Audience Lav	A1	7	L180	187	416	0	-	-	0	-	A	-	-	-	-	-	-	1	6.25	34°	17°	23°	12°	14lb	222	0°	-	0°	0	-	False	False	False	Focus Point	5'0	0°	0	0°	0	0°	0	0°	0	0°	Etc Source 4 36°	FOH	False	False	Au6	False	0	0	-19'3.083	50'5.561	0	-	1513.1.1.0.0	4	2016-02-02 19:45:14 UTC	2016-02-02 19:45:14 UTC	""
Light	412	Source 4 36º	575	Audience Amber	A2	6	L652	224	402	0	-	-	0	-	A	-	-	-	-	-	-	1	6.25	34°	17°	23°	12°	14lb	222	0°	-	0°	0	-	False	False	False	Focus Point	5'0	0°	0	0°	0	0°	0	0°	0	0°	Etc Source 4 36°	FOH	False	False	Au1	False	0	0	-10'1.636	50'7.687	0	-	1514.1.1.0.0	4	2016-02-02 19:45:14 UTC	2016-02-02 19:45:14 UTC	""
Light	413	Source 4 36º	575	Audience Cyan	A3	4	L172	227	403	0	-	-	0	-	A	-	-	-	-	-	-	1	6.25	34°	17°	23°	12°	14lb	222	0°	-	0°	0	-	False	False	False	Focus Point	5'0	0°	0	0°	0	0°	0	0°	0	0°	Etc Source 4 36°	FOH	False	False	Au1	False	0	0	-2'7.224	50'8.293	0	-	1515.1.1.0.0	4	2016-02-02 19:45:14 UTC	2016-02-02 19:45:14 UTC	""
Light	414	Source 4 26º	575	Tensegrity Back	A4	3	L202	295	201	0	-	-	0	-	A	-	-	-	-	-	-	1	6.25	25°	17°	17°	12°	14lb	-	0°	-	0°	0	-	False	False	False	Focus Point	5'0	0°	0	0°	0	0°	0	0°	0	0°	Etc Source 4  26°	FOH	False	False	Tens	False	0	0	12'10.168	51'7.611	0	-	1516.1.1.0.0	4	2016-02-02 19:45:14 UTC	2016-02-02 19:45:14 UTC	""
Light	415	Source 4 36º	575	Hex Break up	A5	3	-	333	211	0	-	-	0	-	A	-	-	-	-	-	-	1	6.25	34°	17°	23°	12°	14lb	222	0°	-	0°	0	-	False	False	False	Focus Point	5'0	0°	0	0°	0	0°	0	0°	0	0°	Etc Source 4 36°	FOH	False	False	Hex	False	0	0	22'11.275	50'5.584	15'0	-	1518.1.1.0.0	4	2016-02-02 19:45:14 UTC	2016-02-02 19:45:14 UTC	""
Light	416	Source 4 36º	575	Audience Cyan	B5	4	L172	330	409	0	-	-	0	-	A	-	-	-	-	-	-	1	6.25	34°	17°	23°	12°	14lb	222	0°	-	0°	0	-	False	False	False	Focus Point	5'0	0°	0	0°	0	0°	0	0°	0	0°	Etc Source 4 36°	FOH	False	False	Au3	False	0	0	16'9.161	28'6	0	-	1519.1.1.0.0	4	2016-02-02 19:45:14 UTC	2016-02-02 19:45:14 UTC	""
Light	417	Source 4 36º	575	Audience Lav	C5	5	L180	323	407	0	-	-	0	-	A	-	-	-	-	-	-	1	6.25	34°	17°	23°	12°	14lb	222	0°	-	0°	0	-	False	False	False	Focus Point	5'0	0°	0	0°	0	0°	0	0°	0	0°	Etc Source 4 36°	FOH	False	False	Au3	False	0	0	21'10.174	27'5.985	0	-	1520.1.1.0.0	4	2016-02-02 19:45:14 UTC	2016-02-02 19:45:14 UTC	""
Light	418	Source 4 36º	575	Audience Amber	D5	5	L652	318	408	0	-	-	0	-	A	-	-	-	-	-	-	1	6.25	34°	17°	23°	12°	14lb	222	0°	-	0°	0	-	False	False	False	Focus Point	5'0	0°	0	0°	0	0°	0	0°	0	0°	Etc Source 4 36°	FOH	False	False	Au3	False	0	0	16'11.693	24'6.922	0	-	1521.1.1.0.0	4	2016-02-02 19:45:14 UTC	2016-02-02 19:45:14 UTC	""
Light	419	Source 4 36º	575	walkway	E5	3	L200+R119	303	425	0	-	-	0	-	A	-	-	-	-	-	-	1	6.25	34°	17°	23°	12°	14lb	222	0°	-	0°	0	-	False	False	False	Focus Point	5'0	0°	0	0°	0	0°	0	0°	0	0°	Etc Source 4 36°	FOH	False	False	W6	False	0	0	23'3.463	7'5.447	0	-	1522.1.1.0.0	4	2016-02-02 19:45:14 UTC	2016-02-02 19:45:14 UTC	""
Light	420	Source 4 36º	575	Audience Amber	E1	5	L652	128	414	0	-	-	0	-	A	-	-	-	-	-	-	1	6.25	34°	17°	23°	12°	14lb	222	0°	-	0°	0	-	False	False	False	Focus Point	5'0	0°	0	0°	0	0°	0	0°	0	0°	Etc Source 4 36°	FOH	False	False	Au5	False	0	0	-24'9.523	7'8.779	0	-	1523.1.1.0.0	4	2016-02-02 19:45:14 UTC	2016-02-02 19:45:14 UTC	""
Light	421	Source 4 36º	575	Audience Cyan	D1	5	L172	134	415	0	-	-	0	-	A	-	-	-	-	-	-	1	6.25	34°	17°	23°	12°	14lb	222	0°	-	0°	0	-	False	False	False	Focus Point	5'0	0°	0	0°	0	0°	0	0°	0	0°	Etc Source 4 36°	FOH	False	False	Au5	False	0	0	-24'11.739	17'10.854	0	-	1524.1.1.0.0	4	2016-02-02 19:45:14 UTC	2016-02-02 19:45:14 UTC	""
Light	422	Source 4 36º	575	Audience Cyan	B1	4	L172	145	418	0	-	-	0	-	A	-	-	-	-	-	-	1	6.25	34°	17°	23°	12°	14lb	222	0°	-	0°	0	-	False	False	False	Focus Point	5'0	0°	0	0°	0	0°	0	0°	0	0°	Etc Source 4 36°	FOH	False	False	Au6	False	0	0	-24'11.959	40'5.501	0	-	1526.1.1.0.0	4	2016-02-02 19:45:14 UTC	2016-02-02 19:45:14 UTC	""
Light	423	Source 4 36º	575	Audience Lav	A1	5	L180	155	401	0	-	-	0	-	A	-	-	-	-	-	-	1	6.25	34°	17°	23°	12°	14lb	222	0°	-	0°	0	-	False	False	False	Focus Point	5'0	0°	0	0°	0	0°	0	0°	0	0°	Etc Source 4 36°	FOH	False	False	Au1	False	0	0	-17'2.135	50'8.5	0	-	1527.1.1.0.0	4	2016-02-02 19:45:14 UTC	2016-02-02 19:45:14 UTC	""
Light	424	Source 4 36º	575	walkways	CATWALK RIGHT	15	L200	42	422	0	-	-	0	-	A	-	-	-	-	-	-	1	6.25	34°	17°	23°	12°	14lb	-	0°	-	0°	0	-	False	False	False	Focus Point	5'0	0°	0	0°	0	0°	0	0°	0	0°	Etc Source 4 36°	FOH	False	False	W1	False	0	0	-30'10.999	56'5.093	216'0	-	1528.1.1.0.0	4	2016-02-02 19:45:14 UTC	2016-02-02 19:45:14 UTC	""
Light	425	Source 4 36º	575	walkway behind splat J	CATWALK RIGHT	11	L200	36	430	0	-	-	0	-	A	-	-	-	-	-	-	1	6.25	34°	17°	23°	12°	14lb	-	0°	-	0°	0	-	False	False	False	Focus Point	5'0	0°	0	0°	0	0°	0	0°	0	0°	Etc Source 4 36°	FOH	False	False	-	False	0	0	-30'10.999	47'.625	216'0	-	1529.1.1.0.0	4	2016-02-02 19:45:14 UTC	2016-02-02 19:45:14 UTC	""
Light	426	Source 4 36º	575	Splat G Green	CATWALK RIGHT	7	R393	30	458	0	-	-	0	-	A	-	-	-	-	-	-	1	6.25	34°	17°	23°	12°	14lb	222	0°	-	0°	0	-	False	False	False	Focus Point	5'0	0°	0	0°	0	0°	0	0°	0	0°	Etc Source 4 36°	FOH	False	False	Splat G	False	0	0	-30'10.999	36'11.886	0	-	1530.1.1.0.0	4	2016-02-02 19:45:14 UTC	2016-02-02 19:45:14 UTC	""
Light	427	Source 4 36º	575	walkway	CATWALK RIGHT	3	L200	24	423	0	-	-	0	-	A	-	-	-	-	-	-	1	6.25	34°	17°	23°	12°	14lb	-	0°	-	0°	0	-	False	False	False	Focus Point	5'0	0°	0	0°	0	0°	0	0°	0	0°	Etc Source 4 36°	FOH	False	False	W8	False	0	0	-30'10.999	26'8.723	216'0	-	1531.1.1.0.1	4	2016-02-02 19:45:14 UTC	2016-02-02 19:45:14 UTC	""
Light	428	Source 4 36º	575	walkway	CATWALK LEFT	8	L200	96	427	0	-	-	0	-	A	-	-	-	-	-	-	1	6.25	34°	17°	23°	12°	14lb	-	0°	-	0°	0	-	False	False	False	Focus Point	5'0	0°	0	0°	0	0°	0	0°	0	0°	Etc Source 4 36°	FOH	False	False	W5	False	0	0	30'11.001	37'1.588	216'0	-	1533.1.1.0.0	4	2016-02-02 19:45:14 UTC	2016-02-02 19:45:14 UTC	""
Light	429	Source 4 36º	575	walkway UH of W4	CATWALK LEFT	12	L200	90	428	0	-	-	0	-	A	-	-	-	-	-	-	1	6.25	34°	17°	23°	12°	14lb	-	0°	-	0°	0	-	False	False	False	Focus Point	5'0	0°	0	0°	0	0°	0	0°	0	0°	Etc Source 4 36°	FOH	False	False	W4	False	0	0	30'11.001	46'11.754	216'0	-	1534.1.1.0.0	4	2016-02-02 19:45:14 UTC	2016-02-02 19:45:14 UTC	""
Light	430	Source 4 36º	575	walkway	CATWALK LEFT	16	L200	84	429	0	-	-	0	-	A	-	-	-	-	-	-	1	6.25	34°	17°	23°	12°	14lb	-	0°	-	0°	0	-	False	False	False	Focus Point	5'0	0°	0	0°	0	0°	0	0°	0	0°	Etc Source 4 36°	FOH	False	False	W4	False	0	0	30'11.001	56'6.808	216'0	-	1535.1.1.0.0	4	2016-02-02 19:45:14 UTC	2016-02-02 19:45:14 UTC	""
Light	431	Source 4 26º	575	Side Fill 1	A2	3	R54+R119	191	41	0	-	-	0	-	A	-	-	-	-	-	-	1	6.25	25°	17°	17°	12°	14lb	-	0°	-	0°	0	-	False	False	False	Focus Point	5'0	0°	0	0°	0	0°	0	0°	0	0°	Etc Source 4  26°	FOH	False	False	FA1	False	0	0	-14'7.769	47'5.241	0	-	1538.1.1.0.0	4	2016-02-02 19:45:14 UTC	2016-02-02 19:45:14 UTC	""
Light	432	Source 4 26º	575	walkways	CATWALK RIGHT	16	L200	37	421	0	-	-	0	-	A	-	-	-	-	-	-	1	6.25	25°	17°	17°	12°	14lb	-	0°	-	0°	0	-	False	False	False	Focus Point	5'0	0°	0	0°	0	0°	0	0°	0	0°	Etc Source 4  26°	FOH	False	False	W2	False	0	0	-30'11.446	57'11.267	-14'0	-	1548.1.1.0.0	4	2016-02-02 19:45:14 UTC	2016-02-02 19:45:14 UTC	""
Light	433	Source 4 26º	575	Splat H Green	CATWALK LEFT	5	R393	97	460	0	-	-	0	-	A	-	-	-	-	-	-	1	6.25	25°	17°	17°	12°	14lb	222	0°	-	0°	0	-	False	False	False	Focus Point	5'0	0°	0	0°	0	0°	0	0°	0	0°	Etc Source 4  26°	FOH	False	False	Splat H	False	0	0	30'11.296	5'2.022	216'0	-	1555.1.1.0.0	4	2016-02-02 19:45:14 UTC	2016-02-02 19:45:14 UTC	""
Light	434	PAR 64 MFL	1	IR Wash	B4	4	R80+R27	285	507	0	-	-	0	-	A	-	-	-	-	-	-	1	10.0	45°	17°	22°	12°	8lbs	-	0°	-	0°	0	-	False	False	False	Focus Point	5'0	0°	0	0°	0	0°	0	0°	0	0°	Par64 MFL*#	FOH	False	False	FB2	False	0	0	13'6.234	34'2.841	0	-	1564.1.1.0.0	4	2016-02-02 19:45:14 UTC	2016-02-02 19:45:14 UTC	""
Light	435	PAR 64 MFL	1	IR Wash	B3	7	R80+R27	247	505	0	-	-	0	-	A	-	-	-	-	-	-	1	10.0	45°	17°	22°	12°	8lbs	-	0°	-	0°	0	-	False	False	False	Focus Point	5'0	45°	0	0°	0	0°	0	0°	0	0°	Par64 MFL*#	FOH	False	False	FC1	False	0	0	3'8.76	34'2.841	0	-	1565.1.1.0.0	4	2016-02-02 19:45:14 UTC	2016-02-02 19:45:14 UTC	""
Light	436	PAR 64 MFL	1	IR Wash	B3	2	R80+R27	212	503	0	-	-	0	-	A	-	-	-	-	-	-	1	10.0	45°	17°	22°	12°	8lbs	-	0°	-	0°	0	-	False	False	False	Focus Point	5'0	0°	0	0°	0	0°	0	0°	0	0°	Par64 MFL*#	FOH	False	False	-	False	0	0	-4'11.157	34'2.854	0	-	1566.1.1.0.0	4	2016-02-02 19:45:14 UTC	2016-02-02 19:45:14 UTC	""
Light	437	PAR 64 MFL	1	IR Wash	B2	2	R80+R27	179	501	0	-	-	0	-	A	-	-	-	-	-	-	1	10.0	45°	17°	22°	12°	8lbs	-	0°	-	0°	0	-	False	False	False	Focus Point	5'0	0°	0	0°	0	0°	0	0°	0	0°	Par64 MFL*#	FOH	False	False	FA2	False	0	0	-14'11.081	34'2.854	0	-	1567.1.1.0.0	4	2016-02-02 19:45:14 UTC	2016-02-02 19:45:14 UTC	""
Light	438	Source 4 36º	575	Hex Down	A4	1	L202	262	202	0	-	-	0	-	A	-	-	-	-	-	-	1	6.25	34°	17°	23°	12°	14lb	-	0°	-	0°	0	-	False	False	False	Focus Point	5'0	0°	0	0°	0	0°	0	0°	0	0°	Etc Source 4 36°	FOH	False	False	Hex	False	0	0	10'7.001	48'9.593	0	-	1570.1.1.0.0	4	2016-02-02 19:45:14 UTC	2016-02-02 19:45:14 UTC	""
Light	439	Source 4 26º	575	Corner Fill 1	A2	4	R54+R119	192	42	0	-	-	0	-	A	-	-	-	-	-	-	1	6.25	25°	17°	17°	12°	14lb	-	0°	-	0°	0	-	False	False	False	Focus Point	5'0	0°	0	0°	0	0°	0	0°	0	0°	Etc Source 4  26°	FOH	False	False	FA2	False	0	0	-13'10.935	50'5.319	0	-	1571.1.1.0.0	4	2016-02-02 19:45:14 UTC	2016-02-02 19:45:14 UTC	""
Light	440	8 Fresnel	2	pool btwn W2 and W3	XP1	6	L118	188	432	0	-	-	0	-	A	-	-	-	-	-	-	1	7.5	64°	17°	15°	12°	19.5lbs	-	0°	-	0°	0	-	False	False	False	Focus Point	5'0	0°	0	0°	0	0°	0	0°	0	0°	8 Fresnel	FOH	False	False	-	False	0	0	-7'6.638	54'.555	0	-	1576.1.1.0.0	4	2016-02-02 19:45:14 UTC	2016-02-02 19:45:14 UTC	""
Light	441	8 Fresnel	2	BACK W	XP1	4	L119	296	431	0	-	-	0	-	A	-	-	-	-	-	-	1	7.5	64°	17°	15°	12°	19.5lbs	-	0°	-	0°	0	-	False	False	False	Focus Point	5'0	0°	0	0°	0	0°	0	0°	0	0°	8 Fresnel	FOH	False	False	W3	False	0	0	4'6.808	54'.555	0	-	1578.1.1.0.0	4	2016-02-02 19:45:14 UTC	2016-02-02 19:45:14 UTC	""
Light	442	PAR 64 MFL	1	IR Wash	C4	3	R80+R27	282	508	0	-	-	0	-	A	-	-	-	-	-	-	1	10.0	45°	17°	22°	12°	8lbs	-	0°	-	0°	0	-	False	False	False	Focus Point	5'0	0°	0	0°	0	0°	0	0°	0	0°	Par64 MFL*#	FOH	False	False	-	False	0	0	13'7.769	23'8.034	0	-	1585.1.1.0.0	4	2016-02-02 19:45:14 UTC	2016-02-02 19:45:14 UTC	""
Light	443	PAR 64 MFL	1	IR Wash	C3	4	R80+R27	246	506	0	-	-	0	-	A	-	-	-	-	-	-	1	10.0	45°	17°	22°	12°	8lbs	-	0°	-	0°	0	-	False	False	False	Focus Point	5'0	0°	0	0°	0	0°	0	0°	0	0°	Par64 MFL*#	FOH	False	False	-	False	0	0	3'9.669	23'8.034	0	-	1586.1.1.0.0	4	2016-02-02 19:45:14 UTC	2016-02-02 19:45:14 UTC	""
Light	444	PAR 64 MFL	1	IR Wash	C3	2	R80+R27	209	504	0	-	-	0	-	A	-	-	-	-	-	-	1	10.0	45°	17°	22°	12°	8lbs	-	0°	-	0°	0	-	False	False	False	Focus Point	5'0	45°	0	0°	0	0°	0	0°	0	0°	Par64 MFL*#	FOH	False	False	FB3	False	0	0	-4'10.331	23'8.034	0	-	1589.1.1.0.0	4	2016-02-02 19:45:14 UTC	2016-02-02 19:45:14 UTC	""
Light	445	PAR 64 MFL	1	IR Wash	C2	1	R80+R27	174	502	0	-	-	0	-	A	-	-	-	-	-	-	1	10.0	45°	17°	22°	12°	8lbs	-	0°	-	0°	0	-	False	False	False	Focus Point	5'0	0°	0	0°	0	0°	0	0°	0	0°	Par64 MFL*#	FOH	False	False	FE2	False	0	0	-14'8.331	23'8.034	0	-	1590.1.1.0.0	4	2016-02-02 19:45:14 UTC	2016-02-02 19:45:14 UTC	""
Light	446	Source 4 26º	575	Marley Area	B5	7	R54+R119	321	32	0	-	-	0	-	A	-	-	-	-	-	-	1	6.25	25°	17°	17°	12°	14lb	-	0°	-	0°	0	-	False	False	False	Focus Point	5'0	0°	0	0°	0	0°	0	0°	0	0°	Etc Source 4  26°	FOH	False	False	FB3	False	0	0	23'7.669	32'11.854	0	-	1594.1.1.0.0	4	2016-02-02 19:45:14 UTC	2016-02-02 19:45:14 UTC	""
Light	447	Source 4 26º	575	Marley Area	B4	3	R54+R119	289	21	0	-	-	0	-	A	-	-	-	-	-	-	1	6.25	25°	17°	17°	12°	14lb	-	0°	-	0°	0	-	False	False	False	Focus Point	5'0	0°	0	0°	0	0°	0	0°	0	0°	Etc Source 4  26°	FOH	False	False	FA1	False	0	0	13'10.446	37'6.376	0	-	1595.1.1.0.0	4	2016-02-02 19:45:14 UTC	2016-02-02 19:45:14 UTC	""
Light	448	Source 4 26º	575	Downlight	B3	6	L202+R119	252	53	0	-	-	0	-	A	-	-	-	-	-	-	1	6.25	25°	17°	17°	12°	14lb	-	0°	-	0°	0	-	False	False	False	Focus Point	5'0	0°	0	0°	0	0°	0	0°	0	0°	Etc Source 4  26°	FOH	False	False	FA3	False	0	0	3'7.446	37'6.338	0	-	1596.1.1.0.0	4	2016-02-02 19:45:14 UTC	2016-02-02 19:45:14 UTC	""
Light	449	Source 4 26º	575	Downlight	B3	3	L202+R119	216	51	0	-	-	0	-	A	-	-	-	-	-	-	1	6.25	25°	17°	17°	12°	14lb	-	0°	-	0°	0	-	False	False	False	Focus Point	5'0	0°	0	0°	0	0°	0	0°	0	0°	Etc Source 4  26°	FOH	False	False	FA1	False	0	0	5.891	34'.395	0	-	1597.1.1.0.0	4	2016-02-02 19:45:14 UTC	2016-02-02 19:45:14 UTC	""
Light	450	Source 4 26º	575	Marley Area	B2	3	R54	182	6	0	-	-	0	-	A	-	-	-	-	-	-	1	6.25	25°	25°	17°	12°	14lb	222	0°	-	0°	0	-	False	False	False	Focus Point	5'0	0°	0	0°	0	0°	0	0°	0	0°	Etc Source 4  26°	FOH	False	False	FA2	False	0	0	-15'1.554	37'5.587	0	-	1598.1.1.0.0	4	2016-02-02 19:45:14 UTC	2016-02-02 19:45:14 UTC	""
Light	451	Source 4 26º	575	Marley Area	B1	1	R54+R119	144	2	0	-	-	0	-	A	-	-	-	-	-	-	1	6.25	25°	25°	17°	17°	14lb	-	0°	-	0°	0	-	False	False	False	Focus Point	5'0	0°	3'3	-1°	0	0°	0	0°	0	0°	Etc Source 4  26°	FOH	False	False	FB1	False	0	0	-24'10.563	32'11.854	0	-	1599.1.1.0.0	4	2016-02-02 19:45:14 UTC	2016-02-02 19:45:14 UTC	""
Light	452	Source 4 26º	575	Downlight	B3	8	L202+R119	251	62	0	-	-	0	-	A	-	-	-	-	-	-	1	6.25	25°	17°	17°	12°	14lb	-	0°	-	0°	0	-	False	False	False	Focus Point	5'0	0°	0	0°	0	0°	0	0°	0	0°	Etc Source 4  26°	FOH	False	False	FB2	False	0	0	1'4.446	32'.515	0	-	1600.1.1.0.0	4	2016-02-02 19:45:14 UTC	2016-02-02 19:45:14 UTC	""
Light	453	Source 4 26º	575	Downlight	B3	1	L202+R119	215	61	0	-	-	0	-	A	-	-	-	-	-	-	1	6.25	25°	17°	17°	12°	14lb	-	0°	-	0°	0	-	False	False	False	Focus Point	5'0	0°	0	0°	0	0°	0	0°	0	0°	Etc Source 4  26°	FOH	False	False	FB1	False	0	0	-2'7.554	32'.515	0	-	1601.1.1.0.0	4	2016-02-02 19:45:14 UTC	2016-02-02 19:45:14 UTC	""
Light	454	Source 4 26º	575	Marley Area	B2	1	R54+R119	177	11	0	-	-	0	-	A	-	-	-	-	-	-	1	6.25	25°	25°	17°	17°	14lb	-	0°	-	0°	0	-	False	False	False	Focus Point	5'0	0°	0	0°	0	0°	4'9	25°	4'4	25°	Etc Source 4  26°	FOH	False	False	FA3	False	0	0	-11'4.504	32'1.691	0	-	1602.1.1.0.0	4	2016-02-02 19:45:14 UTC	2016-02-02 19:45:14 UTC	""
Light	455	Source 4 26º	575	Marley Area	B4	5	R54+R119	286	22	0	-	-	0	-	A	-	-	-	-	-	-	1	6.25	25°	17°	17°	12°	14lb	-	0°	-	0°	0	-	False	False	False	Focus Point	5'0	0°	0	0°	0	0°	0	0°	0	0°	Etc Source 4  26°	FOH	False	False	FB1	False	0	0	12'2.446	32'.515	0	-	1603.1.1.0.0	4	2016-02-02 19:45:14 UTC	2016-02-02 19:45:14 UTC	""
Light	456	Source 4 26º	575	Marley Area	D2	2	R54	138	9	0	-	-	0	-	A	-	-	-	-	-	-	1	6.25	25°	17°	17°	12°	14lb	222	0°	-	0°	0	-	False	False	False	Focus Point	5'0	0°	0	0°	0	0°	0	0°	0	0°	Etc Source 4  26°	FOH	False	False	FD2	False	0	0	-14'5.888	19'6	0	-	1604.1.1.0.0	4	2016-02-02 19:45:14 UTC	2016-02-02 19:45:14 UTC	""
Light	457	Source 4 26º	575	Marley Area	C1	1	R54	173	8	0	-	-	0	-	A	-	-	-	-	-	-	1	6.25	25°	17°	17°	12°	14lb	222	0°	-	0°	0	-	False	False	False	Focus Point	5'0	0°	0	0°	0	0°	0	0°	0	0°	Etc Source 4  26°	FOH	False	False	FC2	False	0	0	-18'1.555	22'1.359	0	-	1605.1.1.0.0	4	2016-02-02 19:45:14 UTC	2016-02-02 19:45:14 UTC	""
Light	458	Source 4 26º	575	Downlight	C2	3	L202+R119	208	81	0	-	-	0	-	A	-	-	-	-	-	-	1	6.25	25°	17°	17°	12°	14lb	-	0°	-	0°	0	-	False	False	False	Focus Point	5'0	0°	0	0°	0	0°	0	0°	0	0°	Etc Source 4  26°	FOH	False	False	FD1	False	0	0	-4'4.779	18'4.831	0	-	1606.1.1.0.0	4	2016-02-02 19:45:14 UTC	2016-02-02 19:45:14 UTC	""
Light	459	Source 4 26º	575	Downlight	C3	1	L202+R119	206	82	0	-	-	0	-	A	-	-	-	-	-	-	1	6.25	25°	17°	17°	12°	14lb	-	0°	-	0°	0	-	False	False	False	Focus Point	5'0	0°	0	0°	0	0°	0	0°	0	0°	Etc Source 4  26°	FOH	False	False	FD3	False	0	0	7.43	18'4.831	0	-	1607.1.1.0.0	4	2016-02-02 19:45:14 UTC	2016-02-02 19:45:14 UTC	""
Light	460	Source 4 26º	575	Downlight	C3	5	L202+R119	243	83	0	-	-	0	-	A	-	-	-	-	-	-	1	6.25	25°	17°	17°	12°	14lb	-	0°	-	0°	0	-	False	False	False	Focus Point	5'0	0°	0	0°	0	0°	0	0°	0	0°	Etc Source 4  26°	FOH	False	False	FD3	False	0	0	4'2.533	18'4.831	0	-	1608.1.1.0.0	4	2016-02-02 19:45:14 UTC	2016-02-02 19:45:14 UTC	""
Light	461	Source 4 26º	575	Downlight	C4	1	L202+R119	242	63	0	-	-	0	-	A	-	-	-	-	-	-	1	6.25	25°	17°	17°	12°	14lb	-	0°	-	0°	0	-	False	False	False	Focus Point	5'0	0°	0	0°	0	0°	0	0°	0	0°	Etc Source 4  26°	FOH	False	False	FB3	False	0	0	3'7 1/2	32'.865	0	-	1609.1.1.0.0	4	2016-02-02 19:45:14 UTC	2016-02-02 19:45:14 UTC	""
Light	462	Source 4 26º	575	Marley Area	C5	1	R54	317	28	0	-	-	0	-	A	-	-	-	-	-	-	1	6.25	25°	17°	17°	12°	14lb	222	0°	-	0°	0	-	False	False	False	Focus Point	5'0	0°	0	0°	0	0°	0	0°	0	0°	Etc Source 4  26°	FOH	False	False	FC2	False	0	0	20'7.777	22'.014	0	-	1610.1.1.0.0	4	2016-02-02 19:45:14 UTC	2016-02-02 19:45:14 UTC	""
Light	463	Source 4 26º	575	Marley Area	C5	2	R54+R119	281	23	0	-	-	0	-	A	-	-	-	-	-	-	1	6.25	25°	17°	17°	12°	14lb	-	0°	-	0°	0	-	False	False	False	Focus Point	5'0	0°	0	0°	0	0°	0	0°	0	0°	Etc Source 4  26°	FOH	False	False	FC2	False	0	0	16'10.446	22'.014	0	-	1611.1.1.0.0	4	2016-02-02 19:45:14 UTC	2016-02-02 19:45:14 UTC	""
Light	464	Source 4 26º	575	Marley Area	D1	3	R54+R119	132	5	0	-	-	0	-	A	-	-	-	-	-	-	1	6.25	25°	17°	17°	12°	14lb	-	0°	-	0°	0	-	False	False	False	Focus Point	5'0	0°	0	0°	0	0°	0	0°	0	0°	Etc Source 4  26°	FOH	False	False	FE1	False	0	0	-25'1.145	12'1.856	0	-	1612.1.1.0.0	4	2016-02-02 19:45:14 UTC	2016-02-02 19:45:14 UTC	""
Light	465	Source 4 26º	575	Marley Area	D2	1	R54+R119	168	14	0	-	-	0	-	A	-	-	-	-	-	-	1	6.25	25°	17°	17°	12°	14lb	-	0°	-	0°	0	-	False	False	False	Focus Point	5'0	0°	0	0°	0	0°	0	0°	0	0°	Etc Source 4  26°	FOH	False	False	FD3	False	0	0	-11'5.888	15'10 1/2	0	-	1613.1.1.0.0	4	2016-02-02 19:45:14 UTC	2016-02-02 19:45:14 UTC	""
Light	466	Source 4 26º	575	Downlight	D3	3	L202+R119	202	91	0	-	-	0	-	A	-	-	-	-	-	-	1	6.25	24°	24°	17°	17°	14lb	-	0°	-	0°	0	-	False	False	False	Focus Point	5'0	0°	0	0°	0	0°	0	0°	0	0°	Etc Source 4  26°	FOH	False	False	FE1	False	0	0	-4'7.111	14'6.563	0	-	1614.1.1.0.0	4	2016-02-02 19:45:14 UTC	2016-02-02 19:45:14 UTC	""
Light	467	Source 4 26º	575	Downlight	D3	1	L202+R119	204	92	0	-	-	0	-	A	-	-	-	-	-	-	1	6.25	24°	24°	17°	17°	14lb	-	0°	-	0°	0	-	False	False	False	Focus Point	5'0	0°	0	0°	0	0°	0	0°	0	0°	Etc Source 4  26°	FOH	False	False	FE2	False	0	0	-2.667	14'6.563	0	-	1615.1.1.0.0	4	2016-02-02 19:45:14 UTC	2016-02-02 19:45:14 UTC	""
Light	468	Source 4 26º	575	Downlight	D3	5	L202+R119	240	93	0	-	-	0	-	A	-	-	-	-	-	-	1	6.25	24°	24°	17°	17°	14lb	-	0°	-	0°	0	-	False	False	False	Focus Point	5'0	0°	0	0°	0	0°	0	0°	0	0°	Etc Source 4  26°	FOH	False	False	FE3	False	0	0	4'2.343	14'6.562	0	-	1616.1.1.0.0	4	2016-02-02 19:45:14 UTC	2016-02-02 19:45:14 UTC	""
Light	469	Source 4 26º	575	Downlight	C3	1	L202+R119	238	73	0	-	-	0	-	A	-	-	-	-	-	-	1	6.25	25°	17°	17°	12°	14lb	-	0°	-	0°	0	-	False	False	False	Focus Point	5'0	0°	0	0°	0	0°	0	0°	0	0°	Etc Source 4  26°	FOH	False	False	FC3	False	0	0	4'4	25'8.135	0	-	1617.1.1.0.0	4	2016-02-02 19:45:14 UTC	2016-02-02 19:45:14 UTC	""
Light	470	Source 4 26º	575	Marley Area	D5	3	R54+R119	309	24	0	-	-	0	-	A	-	-	-	-	-	-	1	6.25	25°	17°	17°	12°	14lb	-	0°	-	0°	0	-	False	False	False	Focus Point	5'0	0°	0	0°	0	0°	0	0°	0	0°	Etc Source 4  26°	FOH	False	False	FD1	False	0	0	16'10.446	15'11.111	0	-	1618.1.1.0.0	4	2016-02-02 19:45:14 UTC	2016-02-02 19:45:14 UTC	""
Light	471	Source 4 26º	575	Marley Area	D5	1	R54	307	29	0	-	-	0	-	A	-	-	-	-	-	-	1	6.25	25°	17°	17°	12°	14lb	222	0°	-	0°	0	-	False	False	False	Focus Point	5'0	0°	0	0°	0	0°	0	0°	0	0°	Etc Source 4  26°	FOH	False	False	FD2	False	0	0	20'10.446	15'11.111	0	-	1619.1.1.0.0	4	2016-02-02 19:45:14 UTC	2016-02-02 19:45:14 UTC	""
Light	472	Source 4 26º	575	Marley Area	C2	2	R54+R119	121	13	0	-	-	0	-	A	-	-	-	-	-	-	1	6.25	25°	17°	17°	12°	14lb	-	0°	-	0°	0	-	False	False	False	Focus Point	5'0	0°	0	0°	0	0°	0	0°	0	0°	Etc Source 4  26°	FOH	False	False	FC3	False	0	0	-11'7.895	22'3.886	0	-	1620.1.1.0.0	4	2016-02-02 19:45:14 UTC	2016-02-02 19:45:14 UTC	""
Light	473	Source 4 26º	575	Marley Area	E2	3	R54+R119	157	15	0	-	-	0	-	A	-	-	-	-	-	-	1	6.25	25°	17°	17°	12°	14lb	-	0°	-	0°	0	-	False	False	False	Focus Point	5'0	0°	0	0°	0	0°	0	0°	0	0°	Etc Source 4  26°	FOH	False	False	FE3	False	0	0	-15'.985	5'3.268	0	-	1621.1.1.0.0	4	2016-02-02 19:45:14 UTC	2016-02-02 19:45:14 UTC	""
Light	474	Source 4 26º	575	Hi Side Duet	E3	3	L009+R119	193	208	0	-	-	0	-	A	-	-	-	-	-	-	1	6.25	25°	25°	17°	17°	14lb	-	0°	-	0°	0	-	False	False	False	Focus Point	5'0	0°	0	0°	0	0°	0	0°	0	0°	Etc Source 4  26°	FOH	False	False	FC2	False	0	0	-1'8.781	2'2.534	0	-	1622.1.1.0.0	4	2016-02-02 19:45:14 UTC	2016-02-02 19:45:14 UTC	""
Light	475	Source 4 26º	575	Marley Area	E4	1	R54+R119	270	25	0	-	-	0	-	A	-	-	-	-	-	-	1	6.25	25°	17°	17°	12°	14lb	-	0°	-	0°	0	-	False	False	False	Focus Point	5'0	0°	0	0°	0	0°	0	0°	0	0°	Etc Source 4  26°	FOH	False	False	FE1	False	0	0	13'10.224	9'5.45	0	-	1623.1.1.0.0	4	2016-02-02 19:45:14 UTC	2016-02-02 19:45:14 UTC	""
Light	476	Source 4 26º	575	Marley Area	D5	6	R54+R119	306	35	0	-	-	0	-	A	-	-	-	-	-	-	1	6.25	25°	17°	17°	12°	14lb	-	0°	-	0°	0	-	False	False	False	Focus Point	5'0	0°	0	0°	0	0°	0	0°	0	0°	Etc Source 4  26°	FOH	False	False	FE3	False	0	0	23'6.857	12'4.07	0	-	1624.1.1.0.0	4	2016-02-02 19:45:14 UTC	2016-02-02 19:45:14 UTC	""
Light	477	Source 4 26º	575	Marley Area	B1	5	R54+R119	146	1	0	-	-	0	-	A	-	-	-	-	-	-	1	6.25	25°	25°	17°	17°	14lb	-	0°	-	0°	0	-	False	False	False	Focus Point	5'0	0°	3'4	4°	0	0°	5'3	4°	0	0°	Etc Source 4  26°	FOH	False	False	FA1	False	0	0	-25'.563	38'6.854	0	-	1637.1.1.0.0	4	2016-02-02 19:45:14 UTC	2016-02-02 19:45:14 UTC	""
Light	478	Source 4 26º	575	Marley Area	B5	3	R54+R119	329	31	0	-	-	0	-	A	-	-	-	-	-	-	1	6.25	25°	17°	17°	12°	14lb	-	0°	-	0°	0	-	False	False	False	Focus Point	5'0	0°	0	0°	0	0°	0	0°	0	0°	Etc Source 4  26°	FOH	False	False	FA3	False	0	0	23'7.669	38'6.854	0	-	1638.1.1.0.0	4	2016-02-02 19:45:14 UTC	2016-02-02 19:45:14 UTC	""
Light	479	Source 4 26º	575	Marley Area	C5	4	R54+R119	320	33	0	-	-	0	-	A	-	-	-	-	-	-	1	6.25	25°	17°	17°	12°	14lb	-	0°	-	0°	0	-	False	False	False	Focus Point	5'0	0°	0	0°	0	0°	0	0°	0	0°	Etc Source 4  26°	FOH	False	False	FC3	False	0	0	23'9.669	29'9.841	0	-	1639.1.1.0.0	4	2016-02-02 19:45:14 UTC	2016-02-02 19:45:14 UTC	""
Light	480	Source 4 26º	575	Marley Area	D5	4	R54+R119	315	34	0	-	-	0	-	A	-	-	-	-	-	-	1	6.25	25°	17°	17°	12°	14lb	-	0°	-	0°	0	-	False	False	False	Focus Point	5'0	0°	0	0°	0	0°	0	0°	0	0°	Etc Source 4  26°	FOH	False	False	FD3	False	0	0	23'7.761	19'10.841	0	-	1640.1.1.0.0	4	2016-02-02 19:45:15 UTC	2016-02-02 19:45:15 UTC	""
Light	481	Source 4 26º	575	Marley Area	D1	6	R54+R119	135	4	0	-	-	0	-	A	-	-	-	-	-	-	1	6.25	25°	17°	17°	12°	14lb	-	0°	-	0°	0	-	False	False	False	Focus Point	5'0	0°	0	0°	0	0°	0	0°	0	0°	Etc Source 4  26°	FOH	False	False	FD1	False	0	0	-24'11.984	19'10.854	0	-	1641.1.1.0.0	4	2016-02-02 19:45:15 UTC	2016-02-02 19:45:15 UTC	""
Light	482	Source 4 26º	575	Marley Area	C1	6	R54+R119	143	3	0	-	-	0	-	A	-	-	-	-	-	-	1	6.25	25°	17°	17°	12°	14lb	-	0°	-	0°	0	-	False	False	False	Focus Point	5'0	0°	0	0°	0	0°	0	0°	0	0°	Etc Source 4  26°	FOH	False	False	FC1	False	0	0	-23'2.874	27'6.35	0	-	1642.1.1.0.0	4	2016-02-02 19:45:15 UTC	2016-02-02 19:45:15 UTC	""
Light	483	Source 4 36º	575	Splat G Blue	CATWALK RIGHT	5	R80	29	457	0	-	-	0	-	A	-	-	-	-	-	-	1	6.25	34°	17°	23°	12°	14lb	222	0°	-	0°	0	-	False	False	False	Focus Point	5'0	0°	0	0°	0	0°	0	0°	0	0°	Etc Source 4 36°	FOH	False	False	Splat G	False	0	0	-30'11.378	33'1.973	-14'0	-	1643.1.1.0.0	4	2016-02-02 19:45:15 UTC	2016-02-02 19:45:15 UTC	""
Light	484	Source 4 26º	575	Marley Area	E2	5	R54	163	10	0	-	-	0	-	A	-	-	-	-	-	-	1	6.25	25°	17°	17°	12°	14lb	222	0°	-	0°	0	-	False	False	False	Focus Point	5'0	0°	0	0°	0	0°	0	0°	0	0°	Etc Source 4  26°	FOH	False	False	FE2	False	0	0	-15'.985	6'10.467	0	-	1655.1.1.0.0	4	2016-02-02 19:45:15 UTC	2016-02-02 19:45:15 UTC	""
Light	485	Source 4 26º	575	Downlight	C3	5	L202+R119	199	71	0	-	-	0	-	A	-	-	-	-	-	-	1	6.25	25°	17°	17°	12°	14lb	-	0°	-	0°	0	-	False	False	False	Focus Point	5'0	0°	0	0°	0	0°	0	0°	0	0°	Etc Source 4  26°	FOH	False	False	FC1	False	0	0	-4'3.95	25'8.135	0	-	1656.1.1.0.0	4	2016-02-02 19:45:15 UTC	2016-02-02 19:45:15 UTC	""
Light	486	Source 4 26º	575	Downlight	C3	6	L202+R119	235	72	0	-	-	0	-	A	-	-	-	-	-	-	1	6.25	25°	17°	17°	12°	14lb	-	0°	-	0°	0	-	False	False	False	Focus Point	5'0	0°	0	0°	0	0°	0	0°	0	0°	Etc Source 4  26°	FOH	False	False	FC2	False	0	0	8	27'10	0	-	1657.1.1.0.0	4	2016-02-02 19:45:15 UTC	2016-02-02 19:45:15 UTC	""
Light	487	Source 4 26º	575	Marley area	E4	4	R54	271	30	0	-	-	0	-	A	-	-	-	-	-	-	1	6.25	25°	17°	17°	12°	14lb	222	0°	-	0°	0	-	False	False	False	Focus Point	5'0	0°	0	0°	0	0°	0	0°	0	0°	Etc Source 4  26°	FOH	False	False	FE2	False	0	0	13'10.224	10'9.778	0	-	1658.1.1.0.0	4	2016-02-02 19:45:15 UTC	2016-02-02 19:45:15 UTC	""
Light	488	Dyna-Spot	1	-	CATWALK RIGHT	1	-	0	0	0	-	-	0	-	-	-	-	-	-	-	-	1	0.0	23°	17°	14°	12°	74.5lbw	-	0°	-	0°	0	-	False	False	False	Focus Point	5'0	0°	0	0°	0	0°	0	0°	0	0°	Dyna-Spot	FOH	False	False	-	False	0	0	34'.241	-5'3.33	0	-	1659.1.1.0.0	4	2016-02-02 19:45:15 UTC	2016-02-02 19:45:15 UTC	""
Light	489	Dyna-Spot	1	-	CATWALK LEFT	1	-	0	0	0	-	-	0	-	-	-	-	-	-	-	-	1	0.0	23°	17°	14°	12°	74.5lbw	-	0°	-	0°	0	-	False	False	False	Focus Point	5'0	0°	0	0°	0	0°	0	0°	0	0°	Dyna-Spot	FOH	False	False	-	False	0	0	-35'4.966	-5'6.18	0	-	1660.1.1.0.0	4	2016-02-02 19:45:15 UTC	2016-02-02 19:45:15 UTC	""
Light	490	Source 4 26º	575	Michelle	B1	6	L009	141	220	0	-	-	0	-	A	-	-	-	-	-	-	1	6.25	25°	17°	17°	12°	14lb	-	0°	-	0°	0	-	False	False	False	Focus Point	5'0	0°	0	0°	0	0°	0	0°	0	0°	Etc Source 4  26°	FOH	False	False	FC1	False	0	0	-21'7.61	37'5.483	0	-	1661.1.1.0.0	4	2016-02-02 19:45:15 UTC	2016-02-02 19:45:15 UTC	""
Light	491	Source 4 26º	575	Marley Area	C1	7	R54	142	7	0	-	-	0	-	A	-	-	-	-	-	-	1	6.25	25°	25°	17°	17°	14lb	222	0°	-	0°	0	-	False	False	False	Focus Point	5'0	0°	0	0°	0	0°	0	0°	0	0°	Etc Source 4  26°	FOH	False	False	FB2	False	0	0	-15'0 1/2	32'0 1/2	0	-	1662.1.1.0.0	4	2016-02-02 19:45:15 UTC	2016-02-02 19:45:15 UTC	""
Light	492	Source 4 26º	575	Marley Area	B5	2	R54	328	26	0	-	-	0	-	A	-	-	-	-	-	-	1	6.25	25°	17°	17°	12°	14lb	222	0°	-	0°	0	-	False	False	False	Focus Point	5'0	0°	0	0°	0	0°	0	0°	0	0°	Etc Source 4  26°	FOH	False	False	FA2	False	0	0	20'4.446	37'4.472	0	-	1663.1.1.0.0	4	2016-02-02 19:45:15 UTC	2016-02-02 19:45:15 UTC	""
Light	493	Source 4 26º	575	Marley Area	C5	3	R54	284	27	0	-	-	0	-	A	-	-	-	-	-	-	1	6.25	25°	17°	17°	12°	14lb	222	0°	-	0°	0	-	False	False	False	Focus Point	5'0	0°	0	0°	0	0°	0	0°	0	0°	Etc Source 4  26°	FOH	False	False	FB2	False	0	0	20'4.446	32'.889	0	-	1664.1.1.0.0	4	2016-02-02 19:45:15 UTC	2016-02-02 19:45:15 UTC	""
Light	494	Source 4 36º	575	walkway dh of W6	CATWALK LEFT	2	L200	101	426	0	-	-	0	-	A	-	-	-	-	-	-	1	6.25	34°	17°	23°	12°	14lb	-	0°	-	0°	0	-	False	False	False	Focus Point	5'0	0°	0	0°	0	0°	0	0°	0	0°	Etc Source 4 36°	FOH	False	False	W6	False	0	0	30'11.001	22'8.73	216'0	-	1666.1.1.0.0	4	2016-02-02 19:45:15 UTC	2016-02-02 19:45:15 UTC	""
Light	495	Source 4 26º	575	Splat H Blue	CATWALK LEFT	3	R80	98	459	0	-	-	0	-	A	-	-	-	-	-	-	1	6.25	25°	17°	17°	12°	14lb	222	0°	-	0°	0	-	False	False	False	Focus Point	5'0	0°	0	0°	0	0°	0	0°	0	0°	Etc Source 4  26°	FOH	False	False	Splat H	False	0	0	30'11.296	3'8.725	0	-	1668.1.1.0.0	4	2016-02-02 19:45:15 UTC	2016-02-02 19:45:15 UTC	""
Light	496	Source 4 19º	575	Maggie Special	D4	2	L201	241	207	0	-	-	0	-	A	-	IRIS	-	-	-	-	1	6.25	17°	17°	12°	12°	14lb	-	0°	-	0°	0	-	False	False	False	Focus Point	5'0	0°	0	0°	0	0°	0	0°	0	0°	Etc Source 4 19°	FOH	False	False	FC3	False	0	0	6'2.094	19'.447	0	-	2208.1.1.0.0	4	2016-02-02 19:45:15 UTC	2016-02-02 19:45:15 UTC	""
Static Accessory	68	Iris	0	-	D4	2	-	0	0	0	-	-	0	-	-	-	-	-	-	-	-	1	0.0	0°	17°	0°	12°	-	-	0°	-	0°	0	-	False	False	False	Focus Point	5'0	0°	0	0°	0	0°	0	0°	0	0°	Iris	-	False	False	-	False	0	0	6'1.816	19'11.932	216'0	-	-	496	2016-02-02 19:45:16 UTC	2016-02-02 19:45:16 UTC	""
Light	497	MR 16	750	WALL WASH	CATWALK R1	R1	BLUE	21	293	0	-	-	0	-	-	-	-	-	-	-	-	1	0.0	1°	17°	1°	12°	0	-	0°	-	0°	0	-	False	False	False	Focus Point	5'0	0°	0	0°	0	0°	0	0°	0	0°	R40 2.5' LEFT	FOH	False	False	-	False	0	0	-38'3.264	8'1.877	216'0	-	-	4	2016-02-02 19:45:15 UTC	2016-02-02 19:45:15 UTC	""
Light	498	MR 16	750	WALL WASH	CATWALK R1	B1	GREEN	20	283	0	-	-	0	-	-	-	-	-	-	-	-	1	0.0	1°	17°	1°	12°	0	-	0°	-	0°	0	-	False	False	False	Focus Point	5'0	0°	0	0°	0	0°	0	0°	0	0°	R40 2.5' CTR	FOH	False	False	-	False	0	0	-38'3.189	5'7.341	216'0	-	-	4	2016-02-02 19:45:15 UTC	2016-02-02 19:45:15 UTC	""
Light	499	MR 16	750	WALL WASH	CATWALK R1	B2	RED	19	273	0	-	-	0	-	-	-	-	-	-	-	-	1	0.0	1°	17°	1°	12°	0	-	0°	-	0°	0	-	False	False	False	Focus Point	5'0	0°	0	0°	0	0°	0	0°	0	0°	R40 2.5' RIGHT	FOH	False	False	-	False	0	0	-38'3.189	3'.806	216'0	-	-	4	2016-02-02 19:45:15 UTC	2016-02-02 19:45:15 UTC	""
Light	500	MR 16	750	WALL WASH	CATWALK L1	A1	BLUE	111	296	0	-	-	0	-	-	-	-	-	-	-	-	1	0.0	1°	17°	1°	12°	0	-	0°	-	0°	0	-	False	False	False	Focus Point	5'0	0°	0	0°	0	0°	0	0°	0	0°	R40 2.5' LEFT	FOH	False	False	-	False	0	0	37'10.553	7'10.951	216'0	-	-	4	2016-02-02 19:45:15 UTC	2016-02-02 19:45:15 UTC	""
Light	501	MR 16	750	WALL WASH	CATWALK L1	Q1	GREEN	110	286	0	-	-	0	-	-	-	-	-	-	-	-	1	0.0	1°	17°	1°	12°	0	-	0°	-	0°	0	-	False	False	False	Focus Point	5'0	0°	0	0°	0	0°	0	0°	0	0°	R40 2.5' CTR	FOH	False	False	-	False	0	0	37'10.478	5'4.416	216'0	-	-	4	2016-02-02 19:45:15 UTC	2016-02-02 19:45:15 UTC	""
Light	502	MR 16	750	WALL WASH	CATWALK L1	O1	RED	109	276	0	-	-	0	-	-	-	-	-	-	-	-	1	0.0	1°	17°	1°	12°	0	-	0°	-	0°	0	-	False	False	False	Focus Point	5'0	0°	0	0°	0	0°	0	0°	0	0°	R40 2.5' RIGHT	FOH	False	False	-	False	0	0	37'10.478	2'9.881	216'0	-	-	4	2016-02-02 19:45:15 UTC	2016-02-02 19:45:15 UTC	""
Light	503	MR 16	750	WALL WASH	CATWALK R1	Q1	BLUE	21	293	0	-	-	0	-	-	-	-	-	-	-	-	1	0.0	1°	17°	1°	12°	0	-	0°	-	0°	0	-	False	False	False	Focus Point	5'0	0°	0	0°	0	0°	0	0°	0	0°	R40 2.5' LEFT	FOH	False	False	-	False	0	0	-38'3.264	15'11.316	216'0	-	-	4	2016-02-02 19:45:15 UTC	2016-02-02 19:45:15 UTC	""
Light	504	MR 16	750	WALL WASH	CATWALK R1	D1	GREEN	20	283	0	-	-	0	-	-	-	-	-	-	-	-	1	0.0	1°	17°	1°	12°	0	-	0°	-	0°	0	-	False	False	False	Focus Point	5'0	0°	0	0°	0	0°	0	0°	0	0°	R40 2.5' CTR	FOH	False	False	-	False	0	0	-38'3.189	13'4.781	216'0	-	-	4	2016-02-02 19:45:15 UTC	2016-02-02 19:45:15 UTC	""
Light	505	MR 16	750	WALL WASH	CATWALK R1	D2	RED	19	273	0	-	-	0	-	-	-	-	-	-	-	-	1	0.0	1°	17°	1°	12°	0	-	0°	-	0°	0	-	False	False	False	Focus Point	5'0	0°	0	0°	0	0°	0	0°	0	0°	R40 2.5' RIGHT	FOH	False	False	-	False	0	0	-38'3.189	10'10.246	216'0	-	-	4	2016-02-02 19:45:15 UTC	2016-02-02 19:45:15 UTC	""
Light	506	MR 16	750	WALL WASH	CATWALK L1	D1	BLUE	111	296	0	-	-	0	-	-	-	-	-	-	-	-	1	0.0	1°	17°	1°	12°	0	-	0°	-	0°	0	-	False	False	False	Focus Point	5'0	0°	0	0°	0	0°	0	0°	0	0°	R40 2.5' LEFT	FOH	False	False	-	False	0	0	37'10.553	15'10.103	216'0	-	-	4	2016-02-02 19:45:15 UTC	2016-02-02 19:45:15 UTC	""
Light	507	MR 16	750	WALL WASH	CATWALK L1	M1	GREEN	110	286	0	-	-	0	-	-	-	-	-	-	-	-	1	0.0	1°	17°	1°	12°	0	-	0°	-	0°	0	-	False	False	False	Focus Point	5'0	0°	0	0°	0	0°	0	0°	0	0°	R40 2.5' CTR	FOH	False	False	-	False	0	0	37'10.478	13'3.568	216'0	-	-	4	2016-02-02 19:45:15 UTC	2016-02-02 19:45:15 UTC	""
Light	508	MR 16	750	WALL WASH	CATWALK L1	K1	RED	109	276	0	-	-	0	-	-	-	-	-	-	-	-	1	0.0	1°	17°	1°	12°	0	-	0°	-	0°	0	-	False	False	False	Focus Point	5'0	0°	0	0°	0	0°	0	0°	0	0°	R40 2.5' RIGHT	FOH	False	False	-	False	0	0	37'10.478	10'9.033	216'0	-	-	4	2016-02-02 19:45:15 UTC	2016-02-02 19:45:15 UTC	""
Light	509	MR 16	750	WALL WASH	CATWALK R1	O1	BLUE	21	293	0	-	-	0	-	-	-	-	-	-	-	-	1	0.0	1°	17°	1°	12°	0	-	0°	-	0°	0	-	False	False	False	Focus Point	5'0	0°	0	0°	0	0°	0	0°	0	0°	R40 2.5' LEFT	FOH	False	False	-	False	0	0	-38'3.264	23'9.783	216'0	-	-	4	2016-02-02 19:45:15 UTC	2016-02-02 19:45:15 UTC	""
Light	510	MR 16	750	WALL WASH	CATWALK R1	F1	GREEN	20	283	0	-	-	0	-	-	-	-	-	-	-	-	1	0.0	1°	17°	1°	12°	0	-	0°	-	0°	0	-	False	False	False	Focus Point	5'0	0°	0	0°	0	0°	0	0°	0	0°	R40 2.5' CTR	FOH	False	False	-	False	0	0	-38'3.189	21'3.248	216'0	-	-	4	2016-02-02 19:45:15 UTC	2016-02-02 19:45:15 UTC	""
Light	511	MR 16	750	WALL WASH	CATWALK R1	F2	RED	19	273	0	-	-	0	-	-	-	-	-	-	-	-	1	0.0	1°	17°	1°	12°	0	-	0°	-	0°	0	-	False	False	False	Focus Point	5'0	0°	0	0°	0	0°	0	0°	0	0°	R40 2.5' RIGHT	FOH	False	False	-	False	0	0	-38'3.189	18'8.713	216'0	-	-	4	2016-02-02 19:45:15 UTC	2016-02-02 19:45:15 UTC	""
Light	512	MR 16	750	WALL WASH	CATWALK L1	G1	BLUE	111	296	0	-	-	0	-	-	-	-	-	-	-	-	1	0.0	1°	17°	1°	12°	0	-	0°	-	0°	0	-	False	False	False	Focus Point	5'0	0°	0	0°	0	0°	0	0°	0	0°	R40 2.5' LEFT	FOH	False	False	-	False	0	0	37'10.444	23'8.969	216'0	-	-	4	2016-02-02 19:45:15 UTC	2016-02-02 19:45:15 UTC	""
Light	513	MR 16	750	WALL WASH	CATWALK L1	I2	GREEN	110	286	0	-	-	0	-	-	-	-	-	-	-	-	1	0.0	1°	17°	1°	12°	0	-	0°	-	0°	0	-	False	False	False	Focus Point	5'0	0°	0	0°	0	0°	0	0°	0	0°	R40 2.5' CTR	FOH	False	False	-	False	0	0	37'10.369	21'2.434	216'0	-	-	4	2016-02-02 19:45:15 UTC	2016-02-02 19:45:15 UTC	""
Light	514	MR 16	750	WALL WASH	CATWALK L1	I1	RED	109	276	0	-	-	0	-	-	-	-	-	-	-	-	1	0.0	1°	17°	1°	12°	0	-	0°	-	0°	0	-	False	False	False	Focus Point	5'0	0°	0	0°	0	0°	0	0°	0	0°	R40 2.5' RIGHT	FOH	False	False	-	False	0	0	37'10.369	18'7.899	216'0	-	-	4	2016-02-02 19:45:15 UTC	2016-02-02 19:45:15 UTC	""
Light	515	MR 16	750	WALL WASH	CATWALK R1	N1	BLUE	51	292	0	-	-	0	-	-	-	-	-	-	-	-	1	0.0	1°	17°	1°	12°	0	-	0°	-	0°	0	-	False	False	False	Focus Point	5'0	0°	0	0°	0	0°	0	0°	0	0°	R40 2.5' LEFT	FOH	False	False	-	False	0	0	-38'3.264	31'7.223	216'0	-	-	4	2016-02-02 19:45:15 UTC	2016-02-02 19:45:15 UTC	""
Light	516	MR 16	750	WALL WASH	CATWALK R1	H1	GREEN	50	282	0	-	-	0	-	-	-	-	-	-	-	-	1	0.0	1°	17°	1°	12°	0	-	0°	-	0°	0	-	False	False	False	Focus Point	5'0	0°	0	0°	0	0°	0	0°	0	0°	R40 2.5' CTR	FOH	False	False	-	False	0	0	-38'3.189	29'.688	216'0	-	-	4	2016-02-02 19:45:15 UTC	2016-02-02 19:45:15 UTC	""
Light	517	MR 16	750	WALL WASH	CATWALK R1	H2	RED	49	272	0	-	-	0	-	-	-	-	-	-	-	-	1	0.0	1°	17°	1°	12°	0	-	0°	-	0°	0	-	False	False	False	Focus Point	5'0	0°	0	0°	0	0°	0	0°	0	0°	R40 2.5' RIGHT	FOH	False	False	-	False	0	0	-38'3.189	26'6.153	216'0	-	-	4	2016-02-02 19:45:15 UTC	2016-02-02 19:45:15 UTC	""
Light	518	MR 16	750	WALL WASH	CATWALK L1	H1	BLUE	72	295	0	-	-	0	-	-	-	-	-	-	-	-	1	0.0	1°	17°	1°	12°	0	-	0°	-	0°	0	-	False	False	False	Focus Point	5'0	0°	0	0°	0	0°	0	0°	0	0°	R40 2.5' LEFT	FOH	False	False	-	False	0	0	37'10.553	31'8.406	216'0	-	-	4	2016-02-02 19:45:15 UTC	2016-02-02 19:45:15 UTC	""
Light	519	MR 16	750	WALL WASH	CATWALK L1	J1	GREEN	71	285	0	-	-	0	-	-	-	-	-	-	-	-	1	0.0	1°	17°	1°	12°	0	-	0°	-	0°	0	-	False	False	False	Focus Point	5'0	0°	0	0°	0	0°	0	0°	0	0°	R40 2.5' CTR	FOH	False	False	-	False	0	0	37'10.478	29'1.871	216'0	-	-	4	2016-02-02 19:45:15 UTC	2016-02-02 19:45:15 UTC	""
Light	520	MR 16	750	WALL WASH	CATWALK SL1	D1	RED	70	275	0	-	-	0	-	-	-	-	-	-	-	-	1	0.0	1°	17°	1°	12°	0	-	0°	-	0°	0	-	False	False	False	Focus Point	5'0	0°	0	0°	0	0°	0	0°	0	0°	R40 2.5' RIGHT	FOH	False	False	-	False	0	0	37'10.478	26'7.336	216'0	-	-	4	2016-02-02 19:45:15 UTC	2016-02-02 19:45:15 UTC	""
Light	521	MR 16	750	WALL WASH	CATWALK R1	L1	BLUE	51	292	0	-	-	0	-	-	-	-	-	-	-	-	1	0.0	1°	17°	1°	12°	0	-	0°	-	0°	0	-	False	False	False	Focus Point	5'0	0°	0	0°	0	0°	0	0°	0	0°	R40 2.5' LEFT	FOH	False	False	-	False	0	0	-38'3.264	39'5.347	216'0	-	-	4	2016-02-02 19:45:15 UTC	2016-02-02 19:45:15 UTC	""
Light	522	MR 16	750	WALL WASH	CATWALK R1	J1	GREEN	50	282	0	-	-	0	-	-	-	-	-	-	-	-	1	0.0	1°	17°	1°	12°	0	-	0°	-	0°	0	-	False	False	False	Focus Point	5'0	0°	0	0°	0	0°	0	0°	0	0°	R40 2.5' CTR	FOH	False	False	-	False	0	0	-38'3.189	36'10.812	216'0	-	-	4	2016-02-02 19:45:15 UTC	2016-02-02 19:45:15 UTC	""
Light	523	MR 16	750	WALL WASH	CATWALK R1	J2	RED	49	272	0	-	-	0	-	-	-	-	-	-	-	-	1	0.0	1°	17°	1°	12°	0	-	0°	-	0°	0	-	False	False	False	Focus Point	5'0	0°	0	0°	0	0°	0	0°	0	0°	R40 2.5' RIGHT	FOH	False	False	-	False	0	0	-38'3.189	34'4.277	216'0	-	-	4	2016-02-02 19:45:15 UTC	2016-02-02 19:45:15 UTC	""
Light	524	MR 16	750	WALL WASH	CATWALK L1	F1	BLUE	72	295	0	-	-	0	-	-	-	-	-	-	-	-	1	0.0	1°	17°	1°	12°	0	-	0°	-	0°	0	-	False	False	False	Focus Point	5'0	0°	0	0°	0	0°	0	0°	0	0°	R40 2.5' LEFT	FOH	False	False	-	False	0	0	37'10.553	39'8.928	216'0	-	-	4	2016-02-02 19:45:15 UTC	2016-02-02 19:45:15 UTC	""
Light	525	MR 16	750	WALL WASH	CATWALK SL1	E2	GREEN	71	285	0	-	-	0	-	-	-	-	-	-	-	-	1	0.0	1°	17°	1°	12°	0	-	0°	-	0°	0	-	False	False	False	Focus Point	5'0	0°	0	0°	0	0°	0	0°	0	0°	R40 2.5' CTR	FOH	False	False	-	False	0	0	37'10.478	37'2.393	216'0	-	-	4	2016-02-02 19:45:15 UTC	2016-02-02 19:45:15 UTC	""
Light	526	MR 16	750	WALL WASH	CATWALK L1	L1	RED	70	275	0	-	-	0	-	-	-	-	-	-	-	-	1	0.0	1°	17°	1°	12°	0	-	0°	-	0°	0	-	False	False	False	Focus Point	5'0	0°	0	0°	0	0°	0	0°	0	0°	R40 2.5' RIGHT	FOH	False	False	-	False	0	0	37'10.478	34'7.857	216'0	-	-	4	2016-02-02 19:45:15 UTC	2016-02-02 19:45:15 UTC	""
Light	527	MR 16	750	WALL WASH	CATWALK R1	K2	BLUE	51	292	0	-	-	0	-	-	-	-	-	-	-	-	1	0.0	1°	17°	1°	12°	0	-	0°	-	0°	0	-	False	False	False	Focus Point	5'0	0°	0	0°	0	0°	0	0°	0	0°	R40 2.5' LEFT	FOH	False	False	-	False	0	0	-38'3.264	47'3.472	216'0	-	-	4	2016-02-02 19:45:15 UTC	2016-02-02 19:45:15 UTC	""
Light	528	MR 16	750	WALL WASH	CATWALK R1	K1	GREEN	50	282	0	-	-	0	-	-	-	-	-	-	-	-	1	0.0	1°	17°	1°	12°	0	-	0°	-	0°	0	-	False	False	False	Focus Point	5'0	0°	0	0°	0	0°	0	0°	0	0°	R40 2.5' CTR	FOH	False	False	-	False	0	0	-38'3.189	44'8.937	216'0	-	-	4	2016-02-02 19:45:15 UTC	2016-02-02 19:45:15 UTC	""
Light	529	MR 16	750	WALL WASH	CATWALK R1	I1	RED	49	272	0	-	-	0	-	-	-	-	-	-	-	-	1	0.0	1°	17°	1°	12°	0	-	0°	-	0°	0	-	False	False	False	Focus Point	5'0	0°	0	0°	0	0°	0	0°	0	0°	R40 2.5' RIGHT	FOH	False	False	-	False	0	0	-38'3.189	42'2.402	216'0	-	-	4	2016-02-02 19:45:15 UTC	2016-02-02 19:45:15 UTC	""
Light	530	MR 16	750	WALL WASH	CATWALK L1	E1	BLUE	72	295	0	-	-	0	-	-	-	-	-	-	-	-	1	0.0	1°	17°	1°	12°	0	-	0°	-	0°	0	-	False	False	False	Focus Point	5'0	0°	0	0°	0	0°	0	0°	0	0°	R40 2.5' LEFT	FOH	False	False	-	False	0	0	37'10.553	47'8.08	216'0	-	-	4	2016-02-02 19:45:15 UTC	2016-02-02 19:45:15 UTC	""
Light	531	MR 16	750	WALL WASH	CATWALK SL1	F2	GREEN	71	285	0	-	-	0	-	-	-	-	-	-	-	-	1	0.0	1°	17°	1°	12°	0	-	0°	-	0°	0	-	False	False	False	Focus Point	5'0	0°	0	0°	0	0°	0	0°	0	0°	R40 2.5' CTR	FOH	False	False	-	False	0	0	37'10.478	45'1.544	216'0	-	-	4	2016-02-02 19:45:15 UTC	2016-02-02 19:45:15 UTC	""
Light	532	MR 16	750	WALL WASH	CATWALK L1	N1	RED	70	275	0	-	-	0	-	-	-	-	-	-	-	-	1	0.0	1°	17°	1°	12°	0	-	0°	-	0°	0	-	False	False	False	Focus Point	5'0	0°	0	0°	0	0°	0	0°	0	0°	R40 2.5' RIGHT	FOH	False	False	-	False	0	0	37'10.478	42'7.009	216'0	-	-	4	2016-02-02 19:45:15 UTC	2016-02-02 19:45:15 UTC	""
Light	533	MR 16	750	WALL WASH	CATWALK R1	M1	BLUE	45	291	0	-	-	0	-	-	-	-	-	-	-	-	1	0.0	1°	17°	1°	12°	0	-	0°	-	0°	0	-	False	False	False	Focus Point	5'0	0°	0	0°	0	0°	0	0°	0	0°	R40 2.5' LEFT	FOH	False	False	-	False	0	0	-38'3.264	55'.912	216'0	-	-	4	2016-02-02 19:45:15 UTC	2016-02-02 19:45:15 UTC	""
Light	534	MR 16	750	WALL WASH	CATWALK R1	G1	GREEN	44	281	0	-	-	0	-	-	-	-	-	-	-	-	1	0.0	1°	17°	1°	12°	0	-	0°	-	0°	0	-	False	False	False	Focus Point	5'0	0°	0	0°	0	0°	0	0°	0	0°	R40 2.5' CTR	FOH	False	False	-	False	0	0	-38'3.189	52'6.376	216'0	-	-	4	2016-02-02 19:45:15 UTC	2016-02-02 19:45:15 UTC	""
Light	535	MR 16	750	WALL WASH	CATWALK R1	E1	RED	43	271	0	-	-	0	-	-	-	-	-	-	-	-	1	0.0	1°	17°	1°	12°	0	-	0°	-	0°	0	-	False	False	False	Focus Point	5'0	0°	0	0°	0	0°	0	0°	0	0°	R40 2.5' RIGHT	FOH	False	False	-	False	0	0	-38'3.189	49'11.841	216'0	-	-	4	2016-02-02 19:45:15 UTC	2016-02-02 19:45:15 UTC	""
Light	536	MR 16	750	WALL WASH	CATWALK L1	C1	BLUE	78	294	0	-	-	0	-	-	-	-	-	-	-	-	1	0.0	1°	17°	1°	12°	0	-	0°	-	0°	0	-	False	False	False	Focus Point	5'0	0°	0	0°	0	0°	0	0°	0	0°	R40 2.5' LEFT	FOH	False	False	-	False	0	0	37'10.553	55'7.231	216'0	-	-	4	2016-02-02 19:45:15 UTC	2016-02-02 19:45:15 UTC	""
Light	537	MR 16	750	WALL WASH	CATWALK L1	P1	GREEN	77	284	0	-	-	0	-	-	-	-	-	-	-	-	1	0.0	1°	17°	1°	12°	0	-	0°	-	0°	0	-	False	False	False	Focus Point	5'0	0°	0	0°	0	0°	0	0°	0	0°	R40 2.5' CTR	FOH	False	False	-	False	0	0	37'10.478	53'.696	216'0	-	-	4	2016-02-02 19:45:15 UTC	2016-02-02 19:45:15 UTC	""
Light	538	MR 16	750	WALL WASH	CATWALK L1	P2	RED	76	274	0	-	-	0	-	-	-	-	-	-	-	-	1	0.0	1°	17°	1°	12°	0	-	0°	-	0°	0	-	False	False	False	Focus Point	5'0	0°	0	0°	0	0°	0	0°	0	0°	R40 2.5' RIGHT	FOH	False	False	-	False	0	0	37'10.478	50'6.161	216'0	-	-	4	2016-02-02 19:45:15 UTC	2016-02-02 19:45:15 UTC	""
Light	539	MR 16	750	WALL WASH	CATWALK R1	P1	BLUE	45	291	0	-	-	0	-	-	-	-	-	-	-	-	1	0.0	1°	17°	1°	12°	0	-	0°	-	0°	0	-	False	False	False	Focus Point	5'0	0°	0	0°	0	0°	0	0°	0	0°	R40 2.5' LEFT	FOH	False	False	-	False	0	0	-38'3.264	62'9.667	216'0	-	-	4	2016-02-02 19:45:15 UTC	2016-02-02 19:45:15 UTC	""
Light	540	MR 16	750	WALL WASH	CATWALK R1	C1	GREEN	44	281	0	-	-	0	-	-	-	-	-	-	-	-	1	0.0	1°	17°	1°	12°	0	-	0°	-	0°	0	-	False	False	False	Focus Point	5'0	0°	0	0°	0	0°	0	0°	0	0°	R40 2.5' CTR	FOH	False	False	-	False	0	0	-38'3.189	60'3.131	216'0	-	-	4	2016-02-02 19:45:15 UTC	2016-02-02 19:45:15 UTC	""
Light	541	MR 16	750	WALL WASH	CATWALK R1	A1	RED	43	271	0	-	-	0	-	-	-	-	-	-	-	-	1	0.0	1°	17°	1°	12°	0	-	0°	-	0°	0	-	False	False	False	Focus Point	5'0	0°	0	0°	0	0°	0	0°	0	0°	R40 2.5' RIGHT	FOH	False	False	-	False	0	0	-38'3.189	57'8.596	216'0	-	-	4	2016-02-02 19:45:15 UTC	2016-02-02 19:45:15 UTC	""
Light	542	MR 16	750	WALL WASH	CATWALK L1	B1	BLUE	78	294	0	-	-	0	-	-	-	-	-	-	-	-	1	0.0	1°	17°	1°	12°	0	-	0°	-	0°	0	-	False	False	False	Focus Point	5'0	0°	0	0°	0	0°	0	0°	0	0°	R40 2.5' LEFT	FOH	False	False	-	False	0	0	37'10.553	63'7.753	216'0	-	-	4	2016-02-02 19:45:15 UTC	2016-02-02 19:45:15 UTC	""
Light	543	MR 16	750	WALL WASH	CATWALK L1	R1	GREEN	77	284	0	-	-	0	-	-	-	-	-	-	-	-	1	0.0	1°	17°	1°	12°	0	-	0°	-	0°	0	-	False	False	False	Focus Point	5'0	0°	0	0°	0	0°	0	0°	0	0°	R40 2.5' CTR	FOH	False	False	-	False	0	0	37'10.478	61'1.218	216'0	-	-	4	2016-02-02 19:45:15 UTC	2016-02-02 19:45:15 UTC	""
Light	544	MR 16	750	WALL WASH	CATWALK L1	R2	RED	76	274	0	-	-	0	-	-	-	-	-	-	-	-	1	0.0	1°	17°	1°	12°	0	-	0°	-	0°	0	-	False	False	False	Focus Point	5'0	0°	0	0°	0	0°	0	0°	0	0°	R40 2.5' RIGHT	FOH	False	False	-	False	0	0	37'10.478	58'6.682	216'0	-	-	4	2016-02-02 19:45:15 UTC	2016-02-02 19:45:15 UTC	""
Light	545	Source 4 26º	575	Audience Cyan	A3	9	L172	258	406	0	-	-	0	-	A	-	-	-	-	-	-	1	6.25	25°	17°	17°	12°	14lb	222	0°	-	0°	0	-	False	False	False	Focus Point	5'0	0°	0	0°	0	0°	0	0°	0	0°	Etc Source 4  26°	FOH	False	False	Au2	False	0	0	3'8.557	42'9.939	0	-	1543.1.1.0.0	4	2016-02-02 19:45:15 UTC	2016-02-02 19:45:15 UTC	""
Light	546	Source 4 26º	575	Downlight	A3	1	L202+R119	216	52	0	-	-	0	-	A	-	-	-	-	-	-	1	6.25	25°	17°	17°	12°	14lb	-	0°	-	0°	0	-	False	False	False	Focus Point	5'0	0°	0	0°	0	0°	0	0°	0	0°	Etc Source 4  26°	FOH	False	False	FA2	False	0	0	2'4	37'6.161	0	-	1541.1.1.0.0	4	2016-02-02 19:45:15 UTC	2016-02-02 19:45:15 UTC	""
Light	547	Source 4 26º	575	Marley Area	A2	1	R54+R119	186	12	0	-	-	0	-	A	-	-	-	-	-	-	1	6.25	25°	25°	17°	17°	14lb	-	0°	-	0°	0	-	False	False	False	Focus Point	5'0	0°	0	0°	0	0°	0	0°	4'2	7°	Etc Source 4  26°	FOH	False	False	FB3	False	0	0	-11'4.25	30'8.05	0	-	1539.1.1.0.0	4	2016-02-02 19:45:15 UTC	2016-02-02 19:45:15 UTC	""
Light	548	Source 4 26º	575	Audience Lav	A3	3	L180	226	404	0	-	-	0	-	A	-	-	-	-	-	-	1	6.25	25°	17°	17°	12°	14lb	222	0°	-	0°	0	-	False	False	False	Focus Point	5'0	0°	0	0°	0	0°	0	0°	0	0°	Etc Source 4  26°	FOH	False	False	Au2	False	0	0	-4'7.392	47'5.447	0	-	1540.1.1.0.0	4	2016-02-02 19:45:15 UTC	2016-02-02 19:45:15 UTC	""
Light	549	Source 4 26º	575	Audience Amber	A3	7	L652	264	405	0	-	-	0	-	A	-	-	-	-	-	-	1	6.25	25°	17°	17°	12°	14lb	222	0°	-	0°	0	-	False	False	False	Focus Point	5'0	0°	0	0°	0	0°	0	0°	0	0°	Etc Source 4  26°	FOH	False	False	Au2	False	0	0	3'8.557	47'5.447	0	-	1542.1.1.0.0	4	2016-02-02 19:45:15 UTC	2016-02-02 19:45:15 UTC	""
Light	550	Source 4 26º	575	Splat J Blue	A4	6	R80	294	451	0	-	-	0	-	E	-	-	-	-	-	-	1	6.25	25°	17°	17°	12°	14lb	-	0°	-	0°	0	-	False	False	False	Focus Point	5'0	0°	0	0°	0	0°	0	0°	0	0°	Etc Source 4  26°	FOH	False	False	Splat J	False	0	0	13'4.523	42'9.939	0	-	1545.1.1.0.0	4	2016-02-02 19:45:15 UTC	2016-02-02 19:45:15 UTC	""
Light	551	Source 4 26º	575	Splat J Green	A4	4	R393	299	452	0	-	-	0	-	A	-	-	-	-	-	-	1	6.25	25°	17°	17°	12°	14lb	-	0°	-	0°	0	-	False	False	False	Focus Point	5'0	0°	0	0°	0	0°	0	0°	0	0°	Etc Source 4  26°	FOH	False	False	Splat J	False	0	0	13'4.523	47'5.447	0	-	1544.1.1.0.0	4	2016-02-02 19:45:15 UTC	2016-02-02 19:45:15 UTC	""
Light	552	Source 4 36º	575	Splat E Blue	C4	3	R80	0	455	0	-	-	0	-	A	-	-	-	-	-	-	1	6.25	34°	17°	23°	12°	14lb	222	0°	-	0°	0	-	False	False	False	Focus Point	5'0	0°	0	0°	0	0°	0	0°	0	0°	Etc Source 4 36°	FOH	False	False	Splat E	False	0	0	7'3.05	30'9.25	0	-	2178.1.1.0.0	4	2016-02-02 19:45:15 UTC	2016-02-02 19:45:15 UTC	""
Light	553	Source 4 36º	575	Splat E Green	C4	4	R393	0	456	0	-	-	0	-	A	-	-	-	-	-	-	1	6.25	34°	17°	23°	12°	14lb	222	0°	-	0°	0	-	False	False	False	Focus Point	5'0	0°	0	0°	0	0°	0	0°	0	0°	Etc Source 4 36°	FOH	False	False	Splat E	False	0	0	6'1.251	30'9.25	0	-	2179.1.1.0.0	4	2016-02-02 19:45:15 UTC	2016-02-02 19:45:15 UTC	""
Light	554	Source 4 26º	575	Splat C Blue	C2	1	R80	0	453	0	-	-	0	-	A	-	-	-	-	-	-	1	6.25	25°	17°	17°	12°	14lb	222	0°	-	0°	0	-	False	False	False	Focus Point	5'0	0°	0	0°	0	0°	0	0°	0	0°	Etc Source 4  26°	FOH	False	False	Splat C	False	0	0	-15'0 1/2	29'2.039	0	-	2180.1.1.0.0	4	2016-02-02 19:45:15 UTC	2016-02-02 19:45:15 UTC	""
Light	555	Source 4 26º	575	Splat C Green	C2	1	R393	0	454	0	-	-	0	-	A	-	-	-	-	-	-	1	6.25	25°	17°	17°	12°	14lb	222	0°	-	0°	0	-	False	False	False	Focus Point	5'0	0°	0	0°	0	0°	0	0°	0	0°	Etc Source 4  26°	FOH	False	False	Splat C	False	0	0	-15'0 1/2	30'5.471	0	-	2181.1.1.0.0	4	2016-02-02 19:45:15 UTC	2016-02-02 19:45:15 UTC	""
Light	556	COLORdash PARQuad 7	73	Hex Color	A3	-	-	0	221	0	-	-	0	-	A	-	-	-	-	-	-	1	0.0	22°	22°	12°	12°	-	-	0°	-	0°	0	-	False	False	False	Focus Point	5'0	0°	0	0°	0	0°	0	0°	0	0°	PAR LED	FOH	False	False	Hex	False	0	0	5'7.11	41'9.805	0	-	2205.1.1.0.0	4	2016-02-02 19:45:15 UTC	2016-02-02 19:45:15 UTC	""
Light	557	COLORdash PARQuad 7	73	Center Color	B3	-	-	0	222	0	-	-	0	-	A	-	-	-	-	-	-	1	0.0	22°	22°	17°	17°	-	-	0°	-	0°	0	-	False	False	False	Focus Point	5'0	0°	0	0°	0	0°	0	0°	0	0°	PAR LED	FOH	False	False	-	False	0	0	-4'3	32'4.495	0	-	2206.1.1.0.0	4	2016-02-02 19:45:15 UTC	2016-02-02 19:45:15 UTC	""
Light	558	COLORdash PARQuad 7	73	Color Center	C4	-	-	0	223	0	-	-	0	-	A	-	-	-	-	-	-	1	0.0	22°	22°	17°	17°	-	-	0°	-	0°	0	-	False	False	False	Focus Point	5'0	0°	0	0°	0	0°	0	0°	0	0°	PAR LED	FOH	False	False	-	False	0	0	7'2	19'8 1/2	0	-	2207.1.1.0.0	4	2016-02-02 19:45:15 UTC	2016-02-02 19:45:15 UTC	""
Light	559	Source 4 19º	575	Tensegrity High	B3	9	L201	214	203	0	-	-	0	-	A	-	IRIS	-	-	-	-	1	6.25	17°	17°	12°	12°	14lb	-	0°	-	0°	0	-	False	False	False	Focus Point	5'0	0°	0	0°	0	0°	0	0°	0	0°	Etc Source 4 19°	FOH	False	False	FC2	False	0	0	-7.554	31'7.478	0	-	1940.1.1.0.0	4	2016-02-02 19:45:15 UTC	2016-02-02 19:45:15 UTC	""
Static Accessory	50	Iris	0	-	B3	9	-	0	0	0	-	-	0	-	-	-	-	-	-	-	-	0	0.0	0°	17°	0°	12°	-	-	0°	-	0°	0	-	False	False	False	Focus Point	5'0	0°	0	0°	0	0°	0	0°	0	0°	Iris	-	False	False	-	False	0	0	-7.554	35'.111	216'0	-	1941.1.1.0.0	559	2016-02-02 19:45:15 UTC	2016-02-02 19:45:15 UTC	""
Light	560	Source 4 19º	575	Tensegrity High	D3	3	L201	205	204	0	-	-	0	-	A	-	IRIS	-	-	-	-	1	6.25	17°	17°	12°	12°	14lb	-	0°	-	0°	0	-	False	False	False	Focus Point	5'0	0°	0	0°	0	0°	0	0°	0	0°	Etc Source 4 19°	FOH	False	False	FC2	False	0	0	-9.395	21'6.472	0	-	1962.1.1.0.0	4	2016-02-02 19:45:15 UTC	2016-02-02 19:45:15 UTC	""
Light	561	Source 4 19º	575	Center Front	C2	2	L009+R132	210	205	0	-	-	0	-	A	-	IRIS	-	-	-	-	1	6.25	17°	17°	12°	12°	14lb	-	0°	-	0°	0	-	False	False	False	Focus Point	5'0	0°	0	0°	0	0°	0	0°	0	0°	Etc Source 4 19°	FOH	False	False	FC2	False	0	0	-6'11.962	26'1.592	0	-	1948.1.1.0.0	4	2016-02-02 19:45:15 UTC	2016-02-02 19:45:15 UTC	""
Light	562	Source 4 19º	575	Center Back	C4	2	L199+R132	248	206	0	-	-	0	-	A	-	IRIS	-	-	-	-	1	6.25	17°	17°	12°	12°	14lb	-	0°	-	0°	0	-	False	False	False	Focus Point	5'0	0°	0	0°	0	0°	0	0°	0	0°	Etc Source 4 19°	FOH	False	False	FC2	False	0	0	6'9.058	26'1.506	0	-	1952.1.1.0.0	4	2016-02-02 19:45:15 UTC	2016-02-02 19:45:15 UTC	""
Light	563	Source 4 26º	575	Hi Side Duet	A3	6	L199	259	209	0	-	-	0	-	A	-	-	-	-	-	-	1	6.25	25°	25°	17°	17°	14lb	-	0°	-	0°	0	-	False	False	False	Focus Point	5'0	0°	0	0°	0	0°	0	0°	0	0°	Etc Source 4  26°	FOH	False	False	FC2	False	0	0	10.687	50'4.543	0	-	1573.1.1.0.0	4	2016-02-02 19:45:15 UTC	2016-02-02 19:45:15 UTC	""
Light	564	Source 4 26deg	575	Hex Front	B4	2	R54	291	210	0	-	-	0	-	A	-	IRIS	-	-	-	-	1	6.25	25°	25°	17°	17°	14lb	222	0°	-	0°	0	-	False	False	False	Focus Point	5'0	0°	0	0°	0	0°	0	0°	0	0°	Etc Source 4  26°	FOH	False	False	Hex	False	0	0	11'10.597	37'4.562	0	-	1937.1.1.0.0	4	2016-02-02 19:45:15 UTC	2016-02-02 19:45:15 UTC	""
Light	565	PAR 64 MFL	1	entrance area color	E3	4	L118	195	434	0	-	-	0	-	A	-	-	-	-	-	-	1	10.0	45°	17°	22°	12°	8lbs	-	0°	-	0°	0	-	False	False	False	Focus Point	5'0	0°	0	0°	0	0°	0	0°	0	0°	Par64 MFL*#	FOH	False	False	-	False	0	0	-5'1.331	4'1.034	0	-	1588.1.1.0.0	4	2016-02-02 19:45:15 UTC	2016-02-02 19:45:15 UTC	""
Light	566	PAR 64 MFL	1	entrance area color	E1	3	L118	126	433	0	-	-	0	-	A	-	-	-	-	-	-	1	10.0	45°	17°	22°	12°	8lbs	-	0°	-	0°	0	-	False	False	False	Focus Point	5'0	0°	0	0°	0	0°	0	0°	0	0°	Par64 MFL*#	FOH	False	False	-	False	0	0	-24'10.331	4'1.034	0	-	1593.1.1.0.0	4	2016-02-02 19:45:15 UTC	2016-02-02 19:45:15 UTC	""
Light	567	Source 4 26º	575	Audience Amber	A1	1	L652	149	417	0	-	-	0	-	A	-	-	-	-	-	-	1	6.25	25°	17°	17°	12°	14lb	222	0°	-	0°	0	-	False	False	False	Focus Point	5'0	0°	0	0°	0	0°	0	0°	0	0°	Etc Source 4  26°	FOH	False	False	Au6	False	0	0	-24'10.239	42'9.939	0	-	1537.1.1.0.0	4	2016-02-02 19:45:15 UTC	2016-02-02 19:45:15 UTC	""
Light	568	Iris	0	-	E2	2	-	0	0	0	-	-	0	-	-	-	-	-	-	-	-	0	0.0	0°	17°	0°	12°	-	-	0°	-	0°	0	-	False	False	False	Focus Point	5'0	0°	0	0°	0	0°	0	0°	0	0°	Iris	-	False	False	-	False	0	0	-10'7.071	4'.687	216'0	-	2245.1.1.0.0	4	2016-02-02 19:45:16 UTC	2016-02-02 19:45:16 UTC	""
